t,primary,q_wired,q_wifi,q_cellular_5g,q_sat_leo,q_sat_geo,state_wired,state_wifi,state_cellular_5g,state_sat_leo,state_sat_geo
0.1,wired,1.0,0.666215798540043,0.24779928201607646,0.0,0.0,up,up,up,down,down
0.2,wired,1.0,0.7007813257480484,0.23569753263112092,0.0,0.0,up,up,up,down,down
0.30000000000000004,wired,1.0,0.6850716628919479,0.22266925567912296,0.0,0.0,up,up,up,down,down
0.4,wired,1.0,0.7051171288888398,0.26550881328419623,0.0,0.0,up,up,up,down,down
0.5,wired,1.0,0.7189641972169618,0.2108171670428598,0.0,0.0,up,up,up,down,down
0.6,wired,1.0,0.6871777633318408,0.22198987986727473,0.0,0.0,up,up,up,down,down
0.7,wired,1.0,0.6436842011421936,0.22059828038884746,0.0,0.0,up,up,up,down,down
0.7999999999999999,wired,1.0,0.7069492575801147,0.19940700114359855,0.0,0.0,up,up,up,down,down
0.8999999999999999,wired,1.0,0.7267395993598953,0.19677502268586125,0.0,0.0,up,up,up,down,down
0.9999999999999999,wired,1.0,0.7689417440180547,0.24599747850079637,0.0,0.0,up,up,up,down,down
1.0999999999999999,wired,1.0,0.6671708003661398,0.2509732625733463,0.0,0.0,up,up,up,down,down
1.2,wired,1.0,0.7247137105368454,0.23071229713602093,0.0,0.0,up,up,up,down,down
1.3,wired,1.0,0.697338575590835,0.23191199763319303,0.0,0.0,up,up,up,down,down
1.4000000000000001,wired,1.0,0.674687336484828,0.20777052448278766,0.0,0.0,up,up,up,down,down
1.5000000000000002,wired,1.0,0.7611860144987309,0.2308061727318352,0.0,0.0,up,up,up,down,down
1.6000000000000003,wired,1.0,0.7035829618242095,0.2512874282914382,0.0,0.0,up,up,up,down,down
1.7000000000000004,wired,1.0,0.6630275553316402,0.24492045141824575,0.0,0.0,up,up,up,down,down
1.8000000000000005,wired,1.0,0.7223722993947448,0.22037179182057456,0.0,0.0,up,up,up,down,down
1.9000000000000006,wired,1.0,0.6856961215283166,0.2264357555001314,0.0,0.0,up,up,up,down,down
2.0000000000000004,wired,1.0,0.700988369591094,0.22705766959505808,0.0,0.0,up,up,up,down,down
2.1000000000000005,wired,1.0,0.6996418791162068,0.2536201843955749,0.0,0.0,up,up,up,down,down
2.2000000000000006,wired,1.0,0.6663098551723525,0.20472970145143107,0.0,0.0,up,up,up,down,down
2.3000000000000007,wired,1.0,0.6540635036686211,0.21660385832151433,0.0,0.0,up,up,up,down,down
2.400000000000001,wired,1.0,0.6579107655405136,0.19865869915899623,0.0,0.0,up,up,up,down,down
2.500000000000001,wired,1.0,0.7014050091374904,0.20245622689432025,0.0,0.0,up,up,up,down,down
2.600000000000001,wired,1.0,0.6650855323138547,0.23928762484803884,0.0,0.0,up,up,up,down,down
2.700000000000001,wired,1.0,0.7121631022414127,0.25709639983828336,0.0,0.0,up,up,up,down,down
2.800000000000001,wired,1.0,0.6832798212670598,0.20052938898700914,0.0,0.0,up,up,up,down,down
2.9000000000000012,wired,1.0,0.6936244194345006,0.2042232585082587,0.0,0.0,up,up,up,down,down
3.0000000000000013,wired,1.0,0.6550496906822694,0.21161487220640737,0.0,0.0,up,up,up,down,down
3.1000000000000014,wired,1.0,0.7410714524854184,0.21551836977505445,0.0,0.0,up,up,up,down,down
3.2000000000000015,wired,1.0,0.7110201767428344,0.21577155296332762,0.0,0.0,up,up,up,down,down
3.3000000000000016,wired,1.0,0.6998317063711632,0.20800813092668308,0.0,0.0,up,up,up,down,down
3.4000000000000017,wired,1.0,0.6598567293832633,0.21537585280580884,0.0,0.0,up,up,up,down,down
3.5000000000000018,wired,1.0,0.6296390796089414,0.22343457283091198,0.0,0.0,up,up,up,down,down
3.600000000000002,wired,1.0,0.7059682170753157,0.22237378263993093,0.0,0.0,up,up,up,down,down
3.700000000000002,wired,1.0,0.6725272053001353,0.25448857866683483,0.0,0.0,up,up,up,down,down
3.800000000000002,wired,1.0,0.7246131517966774,0.2480724417707566,0.0,0.0,up,up,up,down,down
3.900000000000002,wired,1.0,0.6850308235400083,0.21812875202285908,0.0,0.0,up,up,up,down,down
4.000000000000002,wired,1.0,0.7008581147829742,0.2063636265111566,0.0,0.0,up,up,up,down,down
4.100000000000001,wired,1.0,0.707947855418341,0.23410772724661313,0.0,0.0,up,up,up,down,down
4.200000000000001,wired,1.0,0.6853120379051381,0.2538043411277408,0.0,0.0,up,up,up,down,down
4.300000000000001,wired,1.0,0.7123927994948291,0.2244203899658561,0.0,0.0,up,up,up,down,down
4.4,wired,1.0,0.6709810740886857,0.22936154472127526,0.0,0.0,up,up,up,down,down
4.5,wired,1.0,0.7115670587036818,0.22635233790138132,0.0,0.0,up,up,up,down,down
4.6,wired,1.0,0.6750533891080106,0.22821530130451292,0.0,0.0,up,up,up,down,down
4.699999999999999,wired,1.0,0.7084468931847082,0.2327113994830566,0.0,0.0,up,up,up,down,down
4.799999999999999,wired,1.0,0.6935666741700904,0.21800588036660287,0.0,0.0,up,up,up,down,down
4.899999999999999,wired,1.0,0.6815280262870177,0.21668362976773323,0.0,0.0,up,up,up,down,down
4.999999999999998,wired,1.0,0.7312177744336228,0.22355369224857868,0.0,0.0,up,up,up,down,down
5.099999999999998,wired,1.0,0.7074937527115666,0.21361353444764775,0.0,0.0,up,up,up,down,down
5.1999999999999975,wired,1.0,0.6906865951333966,0.23395998741691926,0.0,0.0,up,up,up,down,down
5.299999999999997,wired,1.0,0.7285400450539529,0.23414947935294236,0.0,0.0,up,up,up,down,down
5.399999999999997,wired,1.0,0.7071969324969588,0.27924358593684756,0.0,0.0,up,up,up,down,down
5.4999999999999964,wired,1.0,0.7005744299870316,0.19984006112846686,0.0,0.0,up,up,up,down,down
5.599999999999996,wired,1.0,0.7012043880094853,0.22755382730427584,0.0,0.0,up,up,up,down,down
5.699999999999996,wired,1.0,0.7060090589847267,0.2435710221729087,0.0,0.0,up,up,up,down,down
5.799999999999995,wired,1.0,0.6598093287885627,0.2478598255485747,0.0,0.0,up,up,up,down,down
5.899999999999995,wired,1.0,0.6996608334904222,0.21538175089169556,0.0,0.0,up,up,up,down,down
5.999999999999995,wired,1.0,0.7152326377283629,0.23948207154587864,0.0,0.0,up,up,up,down,down
6.099999999999994,wired,1.0,0.6682870475595664,0.2545055443446793,0.0,0.0,up,up,up,down,down
6.199999999999994,wired,1.0,0.6658143080553286,0.20244316910348117,0.0,0.0,up,up,up,down,down
6.299999999999994,wired,1.0,0.6823942309041323,0.2151717025811385,0.0,0.0,up,up,up,down,down
6.399999999999993,wired,1.0,0.7128277984435878,0.2020691796246115,0.0,0.0,up,up,up,down,down
6.499999999999993,wired,1.0,0.7055726355550929,0.2727736791647274,0.0,0.0,up,up,up,down,down
6.5999999999999925,wired,1.0,0.7541017175126463,0.23925229465277909,0.0,0.0,up,up,up,down,down
6.699999999999992,wired,1.0,0.6762604381966962,0.2431618752897532,0.0,0.0,up,up,up,down,down
6.799999999999992,wired,1.0,0.6948373972615822,0.22339245236140015,0.0,0.0,up,up,up,down,down
6.8999999999999915,wired,1.0,0.7029557119195864,0.21884347902292972,0.0,0.0,up,up,up,down,down
6.999999999999991,wired,1.0,0.6966913481857636,0.18983730887447847,0.0,0.0,up,up,up,down,down
7.099999999999991,wired,1.0,0.6784027287040365,0.22975884539747285,0.0,0.0,up,up,up,down,down
7.19999999999999,wired,1.0,0.6928334215183233,0.23287323902687235,0.0,0.0,up,up,up,down,down
7.29999999999999,wired,1.0,0.6909778409845053,0.2126347561998341,0.0,0.0,up,up,up,down,down
7.39999999999999,wired,1.0,0.7359871730427946,0.22960867210334754,0.0,0.0,up,up,up,down,down
7.499999999999989,wired,1.0,0.6805521474730275,0.20294973668974678,0.0,0.0,up,up,up,down,down
7.599999999999989,wired,1.0,0.6789922416427574,0.2514839501915938,0.0,0.0,up,up,up,down,down
7.699999999999989,wired,1.0,0.6966795740734572,0.19890485914527858,0.0,0.0,up,up,up,down,down
7.799999999999988,wired,1.0,0.6922045791862622,0.206993467643818,0.0,0.0,up,up,up,down,down
7.899999999999988,wired,1.0,0.7202644269322624,0.22163668993883504,0.0,0.0,up,up,up,down,down
7.999999999999988,wired,1.0,0.696655984775673,0.2264885847326596,0.0,0.0,up,up,up,down,down
8.099999999999987,wired,1.0,0.6691309797026666,0.22946749418139006,0.0,0.0,up,up,up,down,down
8.199999999999987,wired,1.0,0.7049736739310669,0.2340931113083485,0.0,0.0,up,up,up,down,down
8.299999999999986,wired,1.0,0.6790149755130601,0.2368175294628992,0.0,0.0,up,up,up,down,down
8.399999999999986,wired,1.0,0.7064801110749451,0.24561797877898614,0.0,0.0,up,up,up,down,down
8.499999999999986,wired,1.0,0.6737739469036551,0.2659686238047161,0.0,0.0,up,up,up,down,down
8.599999999999985,wired,1.0,0.7473864286281211,0.21812951450320497,0.0,0.0,up,up,up,down,down
8.699999999999985,wired,1.0,0.6841528712175364,0.21173573862189585,0.0,0.0,up,up,up,down,down
8.799999999999985,wired,1.0,0.6865415466548072,0.20515631898983286,0.0,0.0,up,up,up,down,down
8.899999999999984,wired,1.0,0.6911893475043385,0.2531653669658297,0.0,0.0,up,up,up,down,down
8.999999999999984,wired,1.0,0.7267900234494409,0.20366754132507991,0.0,0.0,up,up,up,down,down
9.099999999999984,wired,1.0,0.6550456225576979,0.22823172916822557,0.0,0.0,up,up,up,down,down
9.199999999999983,wired,1.0,0.7311261472153353,0.21750645688694165,0.0,0.0,up,up,up,down,down
9.299999999999983,wired,1.0,0.7012275036210569,0.2560542042720249,0.0,0.0,up,up,up,down,down
9.399999999999983,wired,1.0,0.6123571907497416,0.20700327284665804,0.0,0.0,up,up,up,down,down
9.499999999999982,wired,1.0,0.6830531954942336,0.20863154059697478,0.0,0.0,up,up,up,down,down
9.599999999999982,wired,1.0,0.6601529435618545,0.23053567719928253,0.0,0.0,up,up,up,down,down
9.699999999999982,wired,1.0,0.7184553818759374,0.18038441682955578,0.0,0.0,up,up,up,down,down
9.799999999999981,wired,1.0,0.6940975120792903,0.25595561275199347,0.0,0.0,up,up,up,down,down
9.89999999999998,wired,1.0,0.7331223859432928,0.24294632897113985,0.0,0.0,up,up,up,down,down
9.99999999999998,wired,1.0,0.7040960629425663,0.1966794403624175,0.0,0.0,up,up,up,down,down
10.09999999999998,wired,1.0,0.7097322688956812,0.23434922913163858,0.0,0.0,up,up,up,down,down
10.19999999999998,wired,1.0,0.685151511370347,0.22390884190932725,0.0,0.0,up,up,up,down,down
10.29999999999998,wired,1.0,0.7079288448763765,0.26770186696789805,0.0,0.0,up,up,up,down,down
10.399999999999979,wired,1.0,0.7003838708767651,0.23883251494925248,0.0,0.0,up,up,up,down,down
10.499999999999979,wired,1.0,0.7331897199994865,0.199639538443667,0.0,0.0,up,up,up,down,down
10.599999999999978,wired,1.0,0.7038787609369297,0.21849529417863722,0.0,0.0,up,up,up,down,down
10.699999999999978,wired,1.0,0.6804074751903991,0.25539542256817893,0.0,0.0,up,up,up,down,down
10.799999999999978,wired,1.0,0.6629576511241455,0.27308617139433605,0.0,0.0,up,up,up,down,down
10.899999999999977,wired,1.0,0.6663422411904211,0.2567247545103328,0.0,0.0,up,up,up,down,down
10.999999999999977,wired,1.0,0.6808534023000664,0.22633792840003308,0.0,0.0,up,up,up,down,down
11.099999999999977,wired,1.0,0.7265472298624942,0.20977600705321464,0.0,0.0,up,up,up,down,down
11.199999999999976,wired,1.0,0.6597146060109023,0.22559845607334325,0.0,0.0,up,up,up,down,down
11.299999999999976,wired,1.0,0.6728997911769417,0.22147105152662874,0.0,0.0,up,up,up,down,down
11.399999999999975,wired,1.0,0.663239099799467,0.2114561334954675,0.0,0.0,up,up,up,down,down
11.499999999999975,wired,1.0,0.6686480388343234,0.19728293061829505,0.0,0.0,up,up,up,down,down
11.599999999999975,wired,1.0,0.7208751179137662,0.25920838215909414,0.0,0.0,up,up,up,down,down
11.699999999999974,wired,1.0,0.7102658497679801,0.22807007041305666,0.0,0.0,up,up,up,down,down
11.799999999999974,wired,1.0,0.6909250248127654,0.22646551289075206,0.0,0.0,up,up,up,down,down
11.899999999999974,wired,1.0,0.7000085052357017,0.22657450758596098,0.0,0.0,up,up,up,down,down
11.999999999999973,wired,1.0,0.7222323660622443,0.22582687205417615,0.0,0.0,up,up,up,down,down
12.099999999999973,wired,1.0,0.6815061747457873,0.1973628689017954,0.0,0.0,up,up,up,down,down
12.199999999999973,wired,1.0,0.6719553373034703,0.21798162458906375,0.0,0.0,up,up,up,down,down
12.299999999999972,wired,1.0,0.6918612612803237,0.23133465188992886,0.0,0.0,up,up,up,down,down
12.399999999999972,wired,1.0,0.7025535446230122,0.19241237903541844,0.0,0.0,up,up,up,down,down
12.499999999999972,wired,1.0,0.7453312394835706,0.21627995999569918,0.0,0.0,up,up,up,down,down
12.599999999999971,wired,1.0,0.6870481991675227,0.2064595413096555,0.0,0.0,up,up,up,down,down
12.69999999999997,wired,1.0,0.7134145697252536,0.24512411986147725,0.0,0.0,up,up,up,down,down
12.79999999999997,wired,1.0,0.6722716618203473,0.22269185872497446,0.0,0.0,up,up,up,down,down
12.89999999999997,wired,1.0,0.6656765294366979,0.21890636271207284,0.0,0.0,up,up,up,down,down
12.99999999999997,wired,1.0,0.7054717161024046,0.22119028881835645,0.0,0.0,up,up,up,down,down
13.09999999999997,wired,1.0,0.6997003015020304,0.20123413922941097,0.0,0.0,up,up,up,down,down
13.199999999999969,wired,1.0,0.7239751058721756,0.22165897051829575,0.0,0.0,up,up,up,down,down
13.299999999999969,wired,1.0,0.6322139081229678,0.23619611740605648,0.0,0.0,up,up,up,down,down
13.399999999999968,wired,1.0,0.6840198570758117,0.21047430304047993,0.0,0.0,up,up,up,down,down
13.499999999999968,wired,1.0,0.6956296037762772,0.2353012439032338,0.0,0.0,up,up,up,down,down
13.599999999999968,wired,1.0,0.6787259659289029,0.21050182410419296,0.0,0.0,up,up,up,down,down
13.699999999999967,wired,1.0,0.7099321902177154,0.2018152402880679,0.0,0.0,up,up,up,down,down
13.799999999999967,wired,1.0,0.6823868555279915,0.2289856038225139,0.0,0.0,up,up,up,down,down
13.899999999999967,wired,1.0,0.7053813986329545,0.2425838178418681,0.0,0.0,up,up,up,down,down
13.999999999999966,wired,1.0,0.6712967916038325,0.22622873581009117,0.0,0.0,up,up,up,down,down
14.099999999999966,wired,1.0,0.7178264275211225,0.23845178826413702,0.0,0.0,up,up,up,down,down
14.199999999999966,wired,1.0,0.6780173880473663,0.20917026665829097,0.0,0.0,up,up,up,down,down
14.299999999999965,wired,1.0,0.7045063261538462,0.21593542947422464,0.0,0.0,up,up,up,down,down
14.399999999999965,wired,1.0,0.6876538680647117,0.21832156882902554,0.0,0.0,up,up,up,down,down
14.499999999999964,wired,1.0,0.7168154574221285,0.24854191920853963,0.0,0.0,up,up,up,down,down
14.599999999999964,wired,1.0,0.6963823296003249,0.22914819138122994,0.0,0.0,up,up,up,down,down
14.699999999999964,wired,1.0,0.6717928612709352,0.2562604560077611,0.0,0.0,up,up,up,down,down
14.799999999999963,wired,1.0,0.6845690410676022,0.22183954613100126,0.0,0.0,up,up,up,down,down
14.899999999999963,wired,1.0,0.6601562907130158,0.23250003492068913,0.0,0.0,up,up,up,down,down
14.999999999999963,wired,1.0,0.6719555170495569,0.22863911759688307,0.0,0.0,up,up,up,down,down
15.099999999999962,wired,1.0,0.7006768788044276,0.2246012130272939,0.0,0.0,up,up,up,down,down
15.199999999999962,wired,1.0,0.6778684286156983,0.22533734038527342,0.0,0.0,up,up,up,down,down
15.299999999999962,wired,1.0,0.6950969381753522,0.2007741002469757,0.0,0.0,up,up,up,down,down
15.399999999999961,wired,1.0,0.7061193484094488,0.18682320355452986,0.0,0.0,up,up,up,down,down
15.499999999999961,wired,1.0,0.6873327784555764,0.2594921454135033,0.0,0.0,up,up,up,down,down
15.59999999999996,wired,1.0,0.6857163889056638,0.20538474318736463,0.0,0.0,up,up,up,down,down
15.69999999999996,wired,1.0,0.6978698737744324,0.22228378508034893,0.0,0.0,up,up,up,down,down
15.79999999999996,wired,1.0,0.6734765076726632,0.21877092606702944,0.0,0.0,up,up,up,down,down
15.89999999999996,wired,1.0,0.6832117794511408,0.24968765193194628,0.0,0.0,up,up,up,down,down
15.99999999999996,wired,1.0,0.6928941931562995,0.21065156419030046,0.0,0.0,up,up,up,down,down
16.09999999999996,wired,1.0,0.703061767867057,0.20826872203364133,0.0,0.0,up,up,up,down,down
16.19999999999996,wired,1.0,0.702618965853512,0.21548525103771027,0.0,0.0,up,up,up,down,down
16.29999999999996,wired,1.0,0.6676347126341767,0.22093930430907904,0.0,0.0,up,up,up,down,down
16.399999999999963,wired,1.0,0.703758508810121,0.23405088872479696,0.0,0.0,up,up,up,down,down
16.499999999999964,wired,1.0,0.6604423408170803,0.27150091775234186,0.0,0.0,up,up,up,down,down
16.599999999999966,wired,1.0,0.6671970991396823,0.24531128213568848,0.0,0.0,up,up,up,down,down
16.699999999999967,wired,1.0,0.6665416363009573,0.20253854395673415,0.0,0.0,up,up,up,down,down
16.79999999999997,wired,1.0,0.6794685701730261,0.24918465261950018,0.0,0.0,up,up,up,down,down
16.89999999999997,wired,1.0,0.6296125271173103,0.2279309336861195,0.0,0.0,up,up,up,down,down
16.99999999999997,wired,1.0,0.7044616665927729,0.24785220440975791,0.0,0.0,up,up,up,down,down
17.099999999999973,wired,1.0,0.7132995052873629,0.23686751144021032,0.0,0.0,up,up,up,down,down
17.199999999999974,wired,1.0,0.687011915510805,0.24953889713060506,0.0,0.0,up,up,up,down,down
17.299999999999976,wired,1.0,0.6739870952334022,0.21308059893371875,0.0,0.0,up,up,up,down,down
17.399999999999977,wired,1.0,0.6967876955378797,0.20891354360366649,0.0,0.0,up,up,up,down,down
17.49999999999998,wired,1.0,0.6700834903380949,0.21970235152702686,0.0,0.0,up,up,up,down,down
17.59999999999998,wired,1.0,0.7127954065112012,0.22841046453347588,0.0,0.0,up,up,up,down,down
17.69999999999998,wired,1.0,0.7161159950246898,0.23552366970647398,0.0,0.0,up,up,up,down,down
17.799999999999983,wired,1.0,0.7163575349277277,0.20477447495519555,0.0,0.0,up,up,up,down,down
17.899999999999984,wired,1.0,0.7412028300384627,0.26986835135405274,0.0,0.0,up,up,up,down,down
17.999999999999986,wired,1.0,0.6510642514473297,0.2292324249414139,0.0,0.0,up,up,up,down,down
18.099999999999987,wired,1.0,0.7305940996444177,0.2537100419343429,0.0,0.0,up,up,up,down,down
18.19999999999999,wired,1.0,0.6507257531952547,0.21544761202520135,0.0,0.0,up,up,up,down,down
18.29999999999999,wired,1.0,0.6728857633437905,0.23523911801113684,0.0,0.0,up,up,up,down,down
18.39999999999999,wired,1.0,0.7093482670947354,0.2377420864088336,0.0,0.0,up,up,up,down,down
18.499999999999993,wired,1.0,0.711910849349989,0.24213385006991728,0.0,0.0,up,up,up,down,down
18.599999999999994,wired,1.0,0.6836069464755887,0.2156503010294034,0.0,0.0,up,up,up,down,down
18.699999999999996,wired,1.0,0.6717725406851794,0.18428523535227156,0.0,0.0,up,up,up,down,down
18.799999999999997,wired,1.0,0.7015215588269763,0.20392238568193136,0.0,0.0,up,up,up,down,down
18.9,wired,1.0,0.6816367119749058,0.22594599015472597,0.0,0.0,up,up,up,down,down
19.0,wired,1.0,0.7021978562813181,0.2493999976506285,0.0,0.0,up,up,up,down,down
19.1,wired,1.0,0.672235367374698,0.21027894217866247,0.0,0.0,up,up,up,down,down
19.200000000000003,wired,1.0,0.6633062531872198,0.21864010043939713,0.0,0.0,up,up,up,down,down
19.300000000000004,wired,1.0,0.7002581295034644,0.24383280133780488,0.0,0.0,up,up,up,down,down
19.400000000000006,wired,1.0,0.6842615242768268,0.2521995144019374,0.0,0.0,up,up,up,down,down
19.500000000000007,wired,1.0,0.6540732108284579,0.2105649832458988,0.0,0.0,up,up,up,down,down
19.60000000000001,wired,1.0,0.6799939818032404,0.2556429055762473,0.0,0.0,up,up,up,down,down
19.70000000000001,wired,1.0,0.6537405790956775,0.20520111247795939,0.0,0.0,up,up,up,down,down
19.80000000000001,wired,1.0,0.7182588556232308,0.24202007582148752,0.0,0.0,up,up,up,down,down
19.900000000000013,wired,1.0,0.678967763407775,0.2120523082516786,0.0,0.0,up,up,up,down,down
20.000000000000014,wifi,0.0,0.7285672511431625,0.23730637700136156,0.0,0.0,up,up,up,down,down
20.100000000000016,wifi,0.0,0.7202528716227039,0.19490230733671468,0.0,0.0,down,up,up,down,down
20.200000000000017,wifi,0.0,0.676422411406031,0.22977883388206125,0.0,0.0,down,up,up,down,down
20.30000000000002,wifi,0.0,0.709482875908788,0.20737533409977688,0.0,0.0,down,up,up,down,down
20.40000000000002,wifi,0.0,0.7165627061074863,0.2557077668314733,0.0,0.0,down,up,up,down,down
20.50000000000002,wifi,0.0,0.7437922730501668,0.25577814148817707,0.0,0.0,down,up,up,down,down
20.600000000000023,wifi,0.0,0.6801428440904662,0.23382391608019218,0.0,0.0,down,up,up,down,down
20.700000000000024,wifi,0.0,0.6900938005174437,0.24657740026753971,0.0,0.0,down,up,up,down,down
20.800000000000026,wifi,0.0,0.7135810147209849,0.21725671934691662,0.0,0.0,down,up,up,down,down
20.900000000000027,wifi,0.0,0.7076554975849243,0.23325515408831335,0.0,0.0,down,up,up,down,down
21.00000000000003,wifi,0.0,0.6854015134206335,0.26384836408268114,0.0,0.0,down,up,up,down,down
21.10000000000003,wifi,0.0,0.7352600271824477,0.24416251921585286,0.0,0.0,down,up,up,down,down
21.20000000000003,wifi,0.0,0.7193833330579574,0.22047660333071945,0.0,0.0,down,up,up,down,down
21.300000000000033,wifi,0.0,0.7914594085657329,0.24089160214318553,0.0,0.0,down,up,up,down,down
21.400000000000034,wifi,0.0,0.7279955583051189,0.29399659884154117,0.0,0.0,down,up,up,down,down
21.500000000000036,wifi,0.0,0.7259698685929943,0.21419896243833306,0.0,0.0,down,up,up,down,down
21.600000000000037,wifi,0.0,0.7875407804416856,0.22259792622704963,0.0,0.0,down,up,up,down,down
21.70000000000004,wifi,0.0,0.723474452383507,0.24155048824637418,0.0,0.0,down,up,up,down,down
21.80000000000004,wifi,0.0,0.792425308499193,0.21282927171135158,0.0,0.0,down,up,up,down,down
21.90000000000004,wifi,0.0,0.7813056164763541,0.2538017216488905,0.0,0.0,down,up,up,down,down
22.000000000000043,wifi,0.0,0.7304289609672452,0.24234993197462956,0.0,0.0,down,up,up,down,down
22.100000000000044,wifi,0.0,0.7476808753055451,0.24236891502496263,0.0,0.0,down,up,up,down,down
22.200000000000045,wifi,0.0,0.7313281072078943,0.22094868689866615,0.0,0.0,down,up,up,down,down
22.300000000000047,wifi,0.0,0.7810330073984817,0.25210078564419464,0.0,0.0,down,up,up,down,down
22.40000000000005,wifi,0.0,0.8194362832663428,0.21932101730765766,0.0,0.0,down,up,up,down,down
22.50000000000005,wifi,0.0,0.7975362642902184,0.22256642205868815,0.0,0.0,down,up,up,down,down
22.60000000000005,wifi,0.0,0.8105494819635716,0.2764778801527191,0.0,0.0,down,up,up,down,down
22.700000000000053,wifi,0.0,0.7787807037503264,0.24406332229422817,0.0,0.0,down,up,up,down,down
22.800000000000054,wifi,0.0,0.8262275207537757,0.23042243978346305,0.0,0.0,down,up,up,down,down
22.900000000000055,wifi,0.0,0.7743737280515159,0.23345713216910183,0.0,0.0,down,up,up,down,down
23.000000000000057,wifi,0.0,0.8072074461323266,0.24109225772802234,0.0,0.0,down,up,up,down,down
23.10000000000006,wifi,0.0,0.823583118066011,0.2189173357100856,0.0,0.0,down,up,up,down,down
23.20000000000006,wifi,0.0,0.8204203346806423,0.20662861065545768,0.0,0.0,down,up,up,down,down
23.30000000000006,wifi,0.0,0.7743075779789048,0.2117091835608585,0.0,0.0,down,up,up,down,down
23.400000000000063,wifi,0.0,0.7988715467978759,0.23745758296746744,0.0,0.0,down,up,up,down,down
23.500000000000064,wifi,0.0,0.7872942300459232,0.24184063839822842,0.0,0.0,down,up,up,down,down
23.600000000000065,wifi,0.0,0.8253006994115021,0.23009409467527775,0.0,0.0,down,up,up,down,down
23.700000000000067,wifi,0.0,0.8122808398774103,0.2182288843946654,0.0,0.0,down,up,up,down,down
23.800000000000068,wifi,0.0,0.7768018197025844,0.25682924494582976,0.0,0.0,down,up,up,down,down
23.90000000000007,wifi,0.0,0.7890103406873179,0.23993936616040343,0.0,0.0,down,up,up,down,down
24.00000000000007,wifi,0.0,0.7754959713691031,0.2065195432726833,0.0,0.0,down,up,up,down,down
24.100000000000072,wifi,0.0,0.8269875681530484,0.23999490687785083,0.0,0.0,down,up,up,down,down
24.200000000000074,wifi,0.0,0.8184081337855961,0.24832445556593627,0.0,0.0,down,up,up,down,down
24.300000000000075,wifi,0.0,0.780619301584359,0.23655864736126916,0.0,0.0,down,up,up,down,down
24.400000000000077,wifi,0.0,0.8504534551223765,0.23617425101899897,0.0,0.0,down,up,up,down,down
24.500000000000078,wifi,0.0,0.774416049768587,0.23633395101890983,0.0,0.0,down,up,up,down,down
24.60000000000008,wifi,0.0,0.8049235546336554,0.2351162754817554,0.0,0.0,down,up,up,down,down
24.70000000000008,wifi,0.0,0.7766425540249987,0.214071115540614,0.0,0.0,down,up,up,down,down
24.800000000000082,wifi,0.0,0.7961997042260117,0.24551108052683787,0.0,0.0,down,up,up,down,down
24.900000000000084,wifi,0.0,0.8027263518515115,0.243094260914566,0.0,0.0,down,up,up,down,down
25.000000000000085,wifi,0.0,0.73811319372561,0.23337957961134265,0.0,0.0,down,up,up,down,down
25.100000000000087,wifi,0.0,0.7283595862356995,0.23145595125241072,0.0,0.0,down,up,up,down,down
25.200000000000088,wifi,0.0,0.7899174711859883,0.21367826794951042,0.0,0.0,down,up,up,down,down
25.30000000000009,wifi,0.0,0.7925169813354442,0.2549009383903029,0.0,0.0,down,up,up,down,down
25.40000000000009,wifi,0.0,0.77634047046074,0.22710954819717868,0.0,0.0,down,up,up,down,down
25.500000000000092,wifi,0.0,0.8023489323305153,0.24048393572183613,0.0,0.0,down,up,up,down,down
25.600000000000094,wifi,0.0,0.8050062337467526,0.24342780168776953,0.0,0.0,down,up,up,down,down
25.700000000000095,wifi,0.0,0.8153867505942584,0.2383000157258789,0.0,0.0,down,up,up,down,down
25.800000000000097,wifi,0.0,0.8076674547258215,0.25307340967913833,0.0,0.0,down,up,up,down,down
25.900000000000098,wifi,0.0,0.7225038675849694,0.2312100223657896,0.0,0.0,down,up,up,down,down
26.0000000000001,wifi,0.0,0.7502107729923111,0.24722749386837906,0.0,0.0,down,up,up,down,down
26.1000000000001,wifi,0.0,0.7505562016730071,0.2724370834061915,0.0,0.0,down,up,up,down,down
26.200000000000102,wifi,0.0,0.7340143528127593,0.22647540566672347,0.0,0.0,down,up,up,down,down
26.300000000000104,wifi,0.0,0.6815397444152245,0.2754018859718414,0.0,0.0,down,up,up,down,down
26.400000000000105,wifi,0.0,0.7539272058919158,0.2428525093744966,0.0,0.0,down,up,up,down,down
26.500000000000107,wifi,0.0,0.7380710661324625,0.23489191235566806,0.0,0.0,down,up,up,down,down
26.600000000000108,wifi,0.0,0.7608330974410183,0.23920944670563699,0.0,0.0,down,up,up,down,down
26.70000000000011,wifi,0.0,0.7291758870353953,0.24861561613555608,0.0,0.0,down,up,up,down,down
26.80000000000011,wifi,0.0,0.7097113532902067,0.274336055475074,0.0,0.0,down,up,up,down,down
26.900000000000112,wifi,0.0,0.7638688997595924,0.24224913596217731,0.0,0.0,down,up,up,down,down
27.000000000000114,wifi,0.0,0.6964863900872033,0.2543697316388145,0.0,0.0,down,up,up,down,down
27.100000000000115,wifi,0.0,0.7278700502849256,0.2593259725070001,0.0,0.0,down,up,up,down,down
27.200000000000117,wifi,0.0,0.7506570524577711,0.25235494174511813,0.0,0.0,down,up,up,down,down
27.300000000000118,wifi,0.0,0.6971916578331557,0.23145766760432962,0.0,0.0,down,up,up,down,down
27.40000000000012,wifi,0.0,0.7410950546900142,0.23816186763533465,0.0,0.0,down,up,up,down,down
27.50000000000012,wifi,0.0,0.6922593880446686,0.248208690782306,0.0,0.0,down,up,up,down,down
27.600000000000122,wifi,0.0,0.6878029721805572,0.24525939580818118,0.0,0.0,down,up,up,down,down
27.700000000000124,wifi,0.0,0.7091852114691685,0.24337822784636784,0.0,0.0,down,up,up,down,down
27.800000000000125,wifi,0.0,0.7197252967605208,0.23884885058452568,0.0,0.0,down,up,up,down,down
27.900000000000126,wifi,0.0,0.6525567765837007,0.22845494567097546,0.0,0.0,down,up,up,down,down
28.000000000000128,wifi,0.0,0.7174976606971409,0.2690499052025632,0.0,0.0,down,up,up,down,down
28.10000000000013,wifi,0.0,0.6856348922653808,0.24309703837231156,0.0,0.0,down,up,up,down,down
28.20000000000013,wifi,0.0,0.7247629192899196,0.23284560182566594,0.0,0.0,down,up,up,down,down
28.300000000000132,wifi,0.0,0.7011677245739258,0.2279034242146085,0.0,0.0,down,up,up,down,down
28.400000000000134,wifi,0.0,0.7057625917508099,0.23186816904563642,0.0,0.0,down,up,up,down,down
28.500000000000135,wifi,0.0,0.7042037625756183,0.23338298423575737,0.0,0.0,down,up,up,down,down
28.600000000000136,wifi,0.0,0.6671866123040978,0.24220807067682956,0.0,0.0,down,up,up,down,down
28.700000000000138,wifi,0.0,0.7473720664255401,0.2085211042412689,0.0,0.0,down,up,up,down,down
28.80000000000014,wifi,0.0,0.6675817406027644,0.23975975151997603,0.0,0.0,down,up,up,down,down
28.90000000000014,wifi,0.0,0.7030511376112845,0.23086440460383442,0.0,0.0,down,up,up,down,down
29.000000000000142,wifi,0.0,0.6641185911195417,0.2154961277793433,0.0,0.0,down,up,up,down,down
29.100000000000144,wifi,0.0,0.6943163456491588,0.2573992832543757,0.0,0.0,down,up,up,down,down
29.200000000000145,wifi,0.0,0.6564530974481763,0.23103501144678204,0.0,0.0,down,up,up,down,down
29.300000000000146,wifi,0.0,0.66359102753123,0.21065511017619315,0.0,0.0,down,up,up,down,down
29.400000000000148,wifi,0.0,0.6528111827396229,0.25106390840644904,0.0,0.0,down,up,up,down,down
29.50000000000015,wifi,0.0,0.6443836228414963,0.27395140239359905,0.0,0.0,down,up,up,down,down
29.60000000000015,wifi,0.0,0.6412000646168264,0.23448609291179026,0.0,0.0,down,up,up,down,down
29.700000000000152,wifi,0.0,0.6634281679567561,0.23783351135609251,0.0,0.0,down,up,up,down,down
29.800000000000153,wifi,0.0,0.6163285808350931,0.2421206838341402,0.0,0.0,down,up,up,down,down
29.900000000000155,wifi,0.0,0.5872819913193567,0.25761129092815993,0.0,0.0,down,up,up,down,down
30.000000000000156,wifi,0.0,0.6446718162939226,0.23333382442941855,0.0,0.0,down,up,up,down,down
30.100000000000158,wifi,0.0,0.6438755976673484,0.26592792437376434,0.0,0.0,down,up,up,down,down
30.20000000000016,wifi,0.0,0.6461095001886864,0.22678819417929588,0.0,0.0,down,up,up,down,down
30.30000000000016,wifi,0.0,0.5792584941436167,0.23407007809222732,0.0,0.0,down,up,up,down,down
30.400000000000162,wifi,0.0,0.6324252568407578,0.241058279098346,0.0,0.0,down,up,up,down,down
30.500000000000163,wifi,0.0,0.607669523509142,0.2313800220578048,0.0,0.0,down,up,up,down,down
30.600000000000165,wifi,0.0,0.601966470666157,0.2227469178626288,0.0,0.0,down,up,up,down,down
30.700000000000166,wifi,0.0,0.6048153972109743,0.2632098597948294,0.0,0.0,down,up,up,down,down
30.800000000000168,wifi,0.0,0.6273586095296361,0.27713289322850015,0.0,0.0,down,up,up,down,down
30.90000000000017,wifi,0.0,0.6097292297606917,0.23284761791065678,0.0,0.0,down,up,up,down,down
31.00000000000017,wifi,0.0,0.6357262980957226,0.24746190071525717,0.0,0.0,down,up,up,down,down
31.100000000000172,wifi,0.0,0.6289982356378664,0.2229139149724375,0.0,0.0,down,up,up,down,down
31.200000000000173,wifi,0.0,0.6195002701511632,0.22188387531872025,0.0,0.0,down,up,up,down,down
31.300000000000175,wifi,0.0,0.5930429765591615,0.24230883579405826,0.0,0.0,down,up,up,down,down
31.400000000000176,wifi,0.0,0.6138352889744046,0.2589335529809941,0.0,0.0,down,up,up,down,down
31.500000000000178,wifi,0.0,0.6025599085343665,0.2331835988604982,0.0,0.0,down,up,up,down,down
31.60000000000018,wifi,0.0,0.5400645987030135,0.24383008693923786,0.0,0.0,down,up,up,down,down
31.70000000000018,wifi,0.0,0.5699126273581022,0.23074275137088024,0.0,0.0,down,up,up,down,down
31.800000000000182,wifi,0.0,0.6001915148366909,0.2402088676919118,0.0,0.0,down,up,up,down,down
31.900000000000183,wifi,0.0,0.5853583953806618,0.22098249319121094,0.0,0.0,down,up,up,down,down
32.000000000000185,wifi,0.0,0.5567892603444898,0.2227696683048123,0.0,0.0,down,up,up,down,down
32.100000000000186,wifi,0.0,0.5611460523686992,0.2162009350041677,0.0,0.0,down,up,up,down,down
32.20000000000019,wifi,0.0,0.5775186247105134,0.2366606561574133,0.0,0.0,down,up,up,down,down
32.30000000000019,wifi,0.0,0.5785778210304378,0.25539056510677055,0.0,0.0,down,up,up,down,down
32.40000000000019,wifi,0.0,0.5876474299694164,0.21472357126683592,0.0,0.0,down,up,up,down,down
32.50000000000019,wifi,0.0,0.5722888145822372,0.2461015409418198,0.0,0.0,down,up,up,down,down
32.60000000000019,wifi,0.0,0.5446534222867628,0.2640140013581535,0.0,0.0,down,up,up,down,down
32.700000000000195,wifi,0.0,0.5264520033451936,0.24292133880356034,0.0,0.0,down,up,up,down,down
32.800000000000196,wifi,0.0,0.5827924330745475,0.25046779648262885,0.0,0.0,down,up,up,down,down
32.9000000000002,wifi,0.0,0.5726178225469732,0.2718522513129986,0.0,0.0,down,up,up,down,down
33.0000000000002,wifi,0.0,0.5369392851592993,0.2587674552425605,0.0,0.0,down,up,up,down,down
33.1000000000002,wifi,0.0,0.580264419125746,0.22748412300375775,0.0,0.0,down,up,up,down,down
33.2000000000002,wifi,0.0,0.5564730581497394,0.24791408336420745,0.0,0.0,down,up,up,down,down
33.3000000000002,wifi,0.0,0.5745495545231956,0.2589882517871294,0.0,0.0,down,up,up,down,down
33.400000000000205,wifi,0.0,0.5548846785852174,0.23426503860358794,0.0,0.0,down,up,up,down,down
33.500000000000206,wifi,0.0,0.5669781233374269,0.2717143592602423,0.0,0.0,down,up,up,down,down
33.60000000000021,wifi,0.0,0.5504205508399916,0.2353967279498292,0.0,0.0,down,up,up,down,down
33.70000000000021,wifi,0.0,0.5541114431709608,0.23336109223818538,0.0,0.0,down,up,up,down,down
33.80000000000021,wifi,0.0,0.5191519563198679,0.23647564998772566,0.0,0.0,down,up,up,down,down
33.90000000000021,wifi,0.0,0.5322182187163047,0.25060521812381237,0.0,0.0,down,up,up,down,down
34.00000000000021,wifi,0.0,0.556861995591747,0.20523181043721309,0.0,0.0,down,up,up,down,down
34.100000000000215,wifi,0.0,0.5356764250313096,0.26248020468605743,0.0,0.0,down,up,up,down,down
34.200000000000216,wifi,0.0,0.5545980652868071,0.25148711952551994,0.0,0.0,down,up,up,down,down
34.30000000000022,wifi,0.0,0.513738027842669,0.22568369637798752,0.0,0.0,down,up,up,down,down
34.40000000000022,wifi,0.0,0.5425766393274877,0.24486767286023053,0.0,0.0,down,up,up,down,down
34.50000000000022,wifi,0.0,0.5264645253246757,0.20470928341540287,0.0,0.0,down,up,up,down,down
34.60000000000022,wifi,0.0,0.4855669772634236,0.27864168580134246,0.0,0.0,down,up,up,down,down
34.70000000000022,wifi,0.0,0.5311001685947069,0.2383617026254592,0.0,0.0,down,up,up,down,down
34.800000000000225,wifi,0.0,0.5247190171434379,0.2750154421274468,0.0,0.0,down,up,up,down,down
34.900000000000226,wifi,0.0,0.5088463684698137,0.2305808383422354,0.0,0.0,down,up,up,down,down
35.00000000000023,wifi,0.0,0.5304796529340422,0.2120929119730562,0.0,0.0,down,up,up,down,down
35.10000000000023,wifi,0.0,0.4891321548908614,0.2385089471863273,0.0,0.0,down,up,up,down,down
35.20000000000023,wifi,0.0,0.4799461586265341,0.24187946912678968,0.0,0.0,down,up,up,down,down
35.30000000000023,wifi,0.0,0.4932943762862173,0.26925091613269925,0.0,0.0,down,up,up,down,down
35.40000000000023,wifi,0.0,0.4767003656402789,0.25357215508001846,0.0,0.0,down,up,up,down,down
35.500000000000234,wifi,0.0,0.5070471050301034,0.262338739566045,0.0,0.0,down,up,up,down,down
35.600000000000236,wifi,0.0,0.5121518609103408,0.23098711949182898,0.0,0.0,down,up,up,down,down
35.70000000000024,wifi,0.0,0.5179638101923156,0.2500468767120651,0.0,0.0,down,up,up,down,down
35.80000000000024,wifi,0.0,0.5039235521795422,0.20877074674109594,0.0,0.0,down,up,up,down,down
35.90000000000024,wifi,0.0,0.4622064090045527,0.27744065007387547,0.0,0.0,down,up,up,down,down
36.00000000000024,wifi,0.0,0.47246254178529873,0.2383944046845562,0.0,0.0,down,up,up,down,down
36.10000000000024,wifi,0.0,0.43294639350007563,0.24717920257114145,0.0,0.0,down,up,up,down,down
36.200000000000244,wifi,0.0,0.45317101017944916,0.24247910227770375,0.0,0.0,down,up,up,down,down
36.300000000000246,wifi,0.0,0.49413193595832433,0.25217568496505804,0.0,0.0,down,up,up,down,down
36.40000000000025,wifi,0.0,0.4540186585851099,0.2693928835337692,0.0,0.0,down,up,up,down,down
36.50000000000025,wifi,0.0,0.4700748270478122,0.27712370655875246,0.0,0.0,down,up,up,down,down
36.60000000000025,wifi,0.0,0.48821693822144213,0.23785511426050193,0.0,0.0,down,up,up,down,down
36.70000000000025,wifi,0.0,0.0,0.24311307707479302,0.0,0.0,down,up,up,down,down
36.80000000000025,cellular_5g,0.0,0.0,0.23522256077167525,0.0,0.0,down,up,up,down,down
36.900000000000254,cellular_5g,0.0,0.0,0.27078661333019055,0.0,0.0,down,up,up,down,down
37.000000000000256,cellular_5g,0.0,0.6202766561344646,0.25715130964400856,0.0,0.0,down,up,up,down,down
37.10000000000026,cellular_5g,0.0,0.6801638144369845,0.23849913954213123,0.0,0.0,down,up,up,down,down
37.20000000000026,cellular_5g,0.0,0.6890472360319135,0.2538614164047104,0.0,0.0,down,up,up,down,down
37.30000000000026,cellular_5g,0.0,0.7485492345899412,0.27285670665100953,0.0,0.0,down,up,up,down,down
37.40000000000026,cellular_5g,0.0,0.7035908198743455,0.22641995197787224,0.0,0.0,down,up,up,down,down
37.50000000000026,cellular_5g,0.0,0.7398178013646362,0.22657621582180837,0.0,0.0,down,up,up,down,down
37.600000000000264,cellular_5g,0.0,0.6942253643984226,0.2350062828566945,0.0,0.0,down,up,up,down,down
37.700000000000266,cellular_5g,0.0,0.7134673183525624,0.2295310852299872,0.0,0.0,down,up,up,down,down
37.80000000000027,cellular_5g,0.0,0.729661961359405,0.2737610629429241,0.0,0.0,down,up,up,down,down
37.90000000000027,cellular_5g,0.0,0.7096765363857435,0.26492753981728356,0.0,0.0,down,up,up,down,down
38.00000000000027,cellular_5g,0.0,0.6794216148154799,0.29447050155885646,0.0,0.0,down,up,up,down,down
38.10000000000027,cellular_5g,0.0,0.7323940455232739,0.26282331904124445,0.0,0.0,down,up,up,down,down
38.20000000000027,cellular_5g,0.0,0.7090682043621358,0.26113233419250437,0.0,0.0,down,up,up,down,down
38.300000000000274,cellular_5g,0.0,0.7292916781339176,0.28071726267564967,0.0,0.0,down,up,up,down,down
38.400000000000276,cellular_5g,0.0,0.6754772278563674,0.26588408300365357,0.0,0.0,down,up,up,down,down
38.50000000000028,cellular_5g,0.0,0.6849460708130953,0.2615902293989862,0.0,0.0,down,up,up,down,down
38.60000000000028,cellular_5g,0.0,0.6873171471006698,0.23073950320586561,0.0,0.0,down,up,up,down,down
38.70000000000028,cellular_5g,0.0,0.7088619391606054,0.2389460619778606,0.0,0.0,down,up,up,down,down
38.80000000000028,cellular_5g,0.0,0.7348432550090525,0.22528563726484435,0.0,0.0,down,up,up,down,down
38.90000000000028,cellular_5g,0.0,0.7212056345559417,0.246761852905006,0.0,0.0,down,up,up,down,down
39.000000000000284,cellular_5g,0.0,0.7545011436929328,0.24752701647616931,0.0,0.0,down,up,up,down,down
39.100000000000286,cellular_5g,0.0,0.7023781074391673,0.2716887669847429,0.0,0.0,down,up,up,down,down
39.20000000000029,cellular_5g,0.0,0.7324813090607323,0.26082011713713316,0.0,0.0,down,up,up,down,down
39.30000000000029,cellular_5g,0.0,0.7295300496811918,0.29562344630019877,0.0,0.0,down,up,up,down,down
39.40000000000029,cellular_5g,0.0,0.7103263247894883,0.30769185141595384,0.0,0.0,down,up,up,down,down
39.50000000000029,cellular_5g,0.0,0.7206000841100929,0.2679563272630239,0.0,0.0,down,up,up,down,down
39.60000000000029,cellular_5g,0.0,0.7185579727250403,0.31279629197633424,0.0,0.0,down,up,up,down,down
39.700000000000294,cellular_5g,0.0,0.7498568305787874,0.2589896288514694,0.0,0.0,down,up,up,down,down
39.800000000000296,cellular_5g,0.0,0.7720545456327349,0.28425366227098836,0.0,0.0,down,up,up,down,down
39.9000000000003,cellular_5g,0.0,0.759894260945057,0.2771256391986316,0.0,0.0,down,up,up,down,down
40.0000000000003,cellular_5g,0.0,0.7064518108729617,0.2862053006227743,0.0,0.0,down,up,up,down,down
40.1000000000003,cellular_5g,0.0,0.6977676629560795,0.25802792809006375,0.0,0.0,down,up,up,down,down
40.2000000000003,wifi,0.0,0.7596849043154779,0.24487538109870058,0.0,0.0,down,up,up,down,down
40.3000000000003,wifi,0.0,0.6978947501453053,0.2952861077033845,0.0,0.0,down,up,up,down,down
40.400000000000304,wifi,0.0,0.693226362151945,0.21333593626959924,0.0,0.0,down,up,up,down,down
40.500000000000306,wifi,0.0,0.7066309302630918,0.2410703019132262,0.0,0.0,down,up,up,down,down
40.60000000000031,wifi,0.0,0.7178061353789982,0.2729489663268893,0.0,0.0,down,up,up,down,down
40.70000000000031,wifi,0.0,0.7713172296454536,0.26725172108692674,0.0,0.0,down,up,up,down,down
40.80000000000031,wifi,0.0,0.7475970587013565,0.2847962789392349,0.0,0.0,down,up,up,down,down
40.90000000000031,wifi,0.0,0.7074825576231388,0.26075733988118116,0.0,0.0,down,up,up,down,down
41.00000000000031,wifi,0.0,0.7063197859036311,0.26733730482209295,0.0,0.0,down,up,up,down,down
41.100000000000314,wifi,0.0,0.7193108131835375,0.25625297261458796,0.0,0.0,down,up,up,down,down
41.200000000000315,wifi,0.0,0.722529742989688,0.25771205455053803,0.0,0.0,down,up,up,down,down
41.30000000000032,wifi,0.0,0.6851917010568933,0.2656880493695303,0.0,0.0,down,up,up,down,down
41.40000000000032,wifi,0.0,0.6900188570119484,0.22966653684013835,0.0,0.0,down,up,up,down,down
41.50000000000032,wifi,0.0,0.6978200152790761,0.2505155509772999,0.0,0.0,down,up,up,down,down
41.60000000000032,wifi,0.0,0.729198157067031,0.25256353288965955,0.0,0.0,down,up,up,down,down
41.70000000000032,wifi,0.0,0.7052553884507409,0.2643081609762217,0.0,0.0,down,up,up,down,down
41.800000000000324,wifi,0.0,0.685432079536288,0.2714802194424749,0.0,0.0,down,up,up,down,down
41.900000000000325,wifi,0.0,0.7472689061966499,0.2572269149672002,0.0,0.0,down,up,up,down,down
42.00000000000033,wifi,0.0,0.6432784449840228,0.23776938300405703,0.0,0.0,down,up,up,down,down
42.10000000000033,wifi,0.0,0.7013345904401422,0.2607156568718386,0.0,0.0,down,up,up,down,down
42.20000000000033,wifi,0.0,0.7166862668033188,0.24109955722003037,0.0,0.0,down,up,up,down,down
42.30000000000033,wifi,0.0,0.6851769884349995,0.27402396639318627,0.0,0.0,down,up,up,down,down
42.40000000000033,wifi,0.0,0.6755422760624699,0.22701933720025522,0.0,0.0,down,up,up,down,down
42.500000000000334,wifi,0.0,0.7041364371532722,0.22312349269235512,0.0,0.0,down,up,up,down,down
42.600000000000335,wifi,0.0,0.7190816118648706,0.24373996383655339,0.0,0.0,down,up,up,down,down
42.70000000000034,wifi,0.0,0.6730690413243913,0.27157645634201627,0.0,0.0,down,up,up,down,down
42.80000000000034,wifi,0.0,0.6590565958497161,0.23523926666222025,0.0,0.0,down,up,up,down,down
42.90000000000034,wifi,0.0,0.6872917014114656,0.22113842465716005,0.0,0.0,down,up,up,down,down
43.00000000000034,wifi,0.0,0.6719410262236295,0.25746485152171117,0.0,0.0,down,up,up,down,down
43.10000000000034,wifi,0.0,0.6757308763995494,0.2593339246173346,0.0,0.0,down,up,up,down,down
43.200000000000344,wifi,0.0,0.6965808678757277,0.2535457354334173,0.0,0.0,down,up,up,down,down
43.300000000000345,wifi,0.0,0.6459632825142801,0.20813873968231433,0.0,0.0,down,up,up,down,down
43.40000000000035,wifi,0.0,0.6200151386356358,0.24460070277752607,0.0,0.0,down,up,up,down,down
43.50000000000035,wifi,0.0,0.6592211018350657,0.24884563284662703,0.0,0.0,down,up,up,down,down
43.60000000000035,wifi,0.0,0.6967263794256844,0.28634522826325365,0.0,0.0,down,up,up,down,down
43.70000000000035,wifi,0.0,0.5928303040913964,0.25248375955692354,0.0,0.0,down,up,up,down,down
43.80000000000035,wifi,0.0,0.6769315371526421,0.2334540704492923,0.0,0.0,down,up,up,down,down
43.900000000000354,wifi,0.0,0.6605323926617694,0.2536104113560927,0.0,0.0,down,up,up,down,down
44.000000000000355,wifi,0.0,0.6759171691419301,0.26975877645960256,0.0,0.0,down,up,up,down,down
44.10000000000036,wifi,0.0,0.6441587873913814,0.255129024586287,0.0,0.0,down,up,up,down,down
44.20000000000036,wifi,0.0,0.6295789425998457,0.277726895134748,0.0,0.0,down,up,up,down,down
44.30000000000036,wifi,0.0,0.6480351975255413,0.2722228876233842,0.0,0.0,down,up,up,down,down
44.40000000000036,wifi,0.0,0.6435716494191148,0.22793730347394814,0.0,0.0,down,up,up,down,down
44.50000000000036,wifi,0.0,0.6764733344234518,0.29222233085824884,0.0,0.0,down,up,up,down,down
44.600000000000364,wifi,0.0,0.6478656504155638,0.2317744352560001,0.0,0.0,down,up,up,down,down
44.700000000000365,wifi,0.0,0.6343418005876232,0.2795452606627492,0.0,0.0,down,up,up,down,down
44.80000000000037,wifi,0.0,0.6201571516068396,0.2507036947370349,0.0,0.0,down,up,up,down,down
44.90000000000037,wifi,0.0,0.6398336959815107,0.26848117451435144,0.0,0.0,down,up,up,down,down
45.00000000000037,wifi,0.0,0.6494899634991713,0.25369001957431037,0.0,0.0,down,up,up,down,down
45.10000000000037,wifi,0.0,0.6297524472629084,0.22553870180986507,0.0,0.0,down,up,up,down,down
45.20000000000037,wifi,0.0,0.632151389086227,0.19705421841669818,0.0,0.0,down,up,up,down,down
45.300000000000374,wifi,0.0,0.6377105768425402,0.2462146708734821,0.0,0.0,down,up,up,down,down
45.400000000000375,wifi,0.0,0.6339801963439754,0.2332615901908224,0.0,0.0,down,up,up,down,down
45.50000000000038,wifi,0.0,0.6929177211012407,0.26319114700548285,0.0,0.0,down,up,up,down,down
45.60000000000038,wifi,0.0,0.6414043847271659,0.280478939977659,0.0,0.0,down,up,up,down,down
45.70000000000038,wifi,0.0,0.6404628506852663,0.2566776566455022,0.0,0.0,down,up,up,down,down
45.80000000000038,wifi,0.0,0.6398015193972693,0.26245002384750393,0.0,0.0,down,up,up,down,down
45.90000000000038,wifi,0.0,0.6566314374232626,0.2644128400896972,0.0,0.0,down,up,up,down,down
46.000000000000384,wifi,0.0,0.6933573280838166,0.24566130531656427,0.0,0.0,down,up,up,down,down
46.100000000000385,wifi,0.0,0.6980899164682359,0.22891888920034972,0.0,0.0,down,up,up,down,down
46.20000000000039,wifi,0.0,0.6932544565420272,0.2562227846260069,0.0,0.0,down,up,up,down,down
46.30000000000039,wifi,0.0,0.6507868329377964,0.2453902536733702,0.0,0.0,down,up,up,down,down
46.40000000000039,wifi,0.0,0.6843892246842044,0.25815447343273606,0.0,0.0,down,up,up,down,down
46.50000000000039,wifi,0.0,0.689595027737829,0.3107896168799576,0.0,0.0,down,up,up,down,down
46.60000000000039,wifi,0.0,0.641184253882497,0.28554048276138105,0.0,0.0,down,up,up,down,down
46.700000000000394,wifi,0.0,0.6750430802211902,0.28040770104442087,0.0,0.0,down,up,up,down,down
46.800000000000395,wifi,0.0,0.70967958231754,0.2642369753005201,0.0,0.0,down,up,up,down,down
46.9000000000004,wifi,0.0,0.7276234093655873,0.22999006960198615,0.0,0.0,down,up,up,down,down
47.0000000000004,wifi,0.0,0.7453056915992369,0.26294132983679164,0.0,0.0,down,up,up,down,down
47.1000000000004,wifi,0.0,0.6745033052596842,0.27570514218626213,0.0,0.0,down,up,up,down,down
47.2000000000004,wifi,0.0,0.6999359829571358,0.25737337639115165,0.0,0.0,down,up,up,down,down
47.3000000000004,wifi,0.0,0.6892411092319579,0.23044086456921178,0.0,0.0,down,up,up,down,down
47.400000000000404,wifi,0.0,0.6817588213434558,0.25758516612028987,0.0,0.0,down,up,up,down,down
47.500000000000405,wifi,0.0,0.7287185112895787,0.2506458797440192,0.0,0.0,down,up,up,down,down
47.600000000000406,wifi,0.0,0.7217811192250043,0.23189123328397357,0.0,0.0,down,up,up,down,down
47.70000000000041,wifi,0.0,0.6829041758302525,0.2752251510020753,0.0,0.0,down,up,up,down,down
47.80000000000041,wifi,0.0,0.7061692026813364,0.25253715555932243,0.0,0.0,down,up,up,down,down
47.90000000000041,wifi,0.0,0.6969760204721925,0.23238701023751132,0.0,0.0,down,up,up,down,down
48.00000000000041,wifi,0.0,0.7116379246096554,0.2584240958006342,0.0,0.0,down,up,up,down,down
48.10000000000041,wifi,0.0,0.7087809337640989,0.2704648632157685,0.0,0.0,down,up,up,down,down
48.200000000000415,wifi,0.0,0.7139370777321055,0.29171151968088166,0.0,0.0,down,up,up,down,down
48.300000000000416,wifi,0.0,0.7541931169490385,0.2459026883861509,0.0,0.0,down,up,up,down,down
48.40000000000042,wifi,0.0,0.726345092536563,0.27987559255449557,0.0,0.0,down,up,up,down,down
48.50000000000042,wifi,0.0,0.7450353291319726,0.24021315227248807,0.0,0.0,down,up,up,down,down
48.60000000000042,wifi,0.0,0.7238207141839961,0.24971378809395048,0.0,0.0,down,up,up,down,down
48.70000000000042,wifi,0.0,0.7570718084570436,0.24624939867247406,0.0,0.0,down,up,up,down,down
48.80000000000042,wifi,0.0,0.7301149003072132,0.2771584177030519,0.0,0.0,down,up,up,down,down
48.900000000000425,wifi,0.0,0.7056557020206083,0.24893038359379688,0.0,0.0,down,up,up,down,down
49.000000000000426,wifi,0.0,0.7343790869986491,0.2996639934366959,0.0,0.0,down,up,up,down,down
49.10000000000043,wifi,0.0,0.7205540074640056,0.3053323397273809,0.0,0.0,down,up,up,down,down
49.20000000000043,wifi,0.0,0.7010038905076103,0.24666208473797582,0.0,0.0,down,up,up,down,down
49.30000000000043,wifi,0.0,0.7485362116535775,0.3029869344290577,0.0,0.0,down,up,up,down,down
49.40000000000043,wifi,0.0,0.68835935113395,0.26303302671791473,0.0,0.0,down,up,up,down,down
49.50000000000043,wifi,0.0,0.6923090725647965,0.2538535740317056,0.0,0.0,down,up,up,down,down
49.600000000000435,wifi,0.0,0.7482867869039806,0.2786174482053656,0.0,0.0,down,up,up,down,down
49.700000000000436,wifi,0.0,0.7473693293402203,0.23472274655000716,0.0,0.0,down,up,up,down,down
49.80000000000044,wifi,0.0,0.7410237889163334,0.2598234548753516,0.0,0.0,down,up,up,down,down
49.90000000000044,wifi,0.0,0.7674559079282405,0.28517969622746764,0.0,0.0,down,up,up,down,down
50.00000000000044,wifi,0.0,0.7080902042506148,0.24619137245888226,0.0,0.0,down,up,up,down,down
50.10000000000044,wifi,0.0,0.7481693380071306,0.2624951616206374,0.0,0.0,down,up,up,down,down
50.20000000000044,wifi,0.0,0.6779330283746278,0.2715464463309249,0.0,0.0,down,up,up,down,down
50.300000000000445,wifi,0.0,0.6948599508141223,0.2577938200303063,0.0,0.0,down,up,up,down,down
50.400000000000446,wifi,0.0,0.730407257757548,0.2505436152746245,0.0,0.0,down,up,up,down,down
50.50000000000045,wifi,0.0,0.6606094991592467,0.2534709189228781,0.0,0.0,down,up,up,down,down
50.60000000000045,wifi,0.0,0.6713396801589118,0.29049764627260516,0.0,0.0,down,up,up,down,down
50.70000000000045,wifi,0.0,0.7025300585764829,0.2509749255256813,0.0,0.0,down,up,up,down,down
50.80000000000045,wifi,0.0,0.7497643842512872,0.23912089888754537,0.0,0.0,down,up,up,down,down
50.90000000000045,wifi,0.0,0.6964168128489769,0.26920231694933877,0.0,0.0,down,up,up,down,down
51.000000000000455,wifi,0.0,0.6914777574262368,0.2910557512061115,0.0,0.0,down,up,up,down,down
51.100000000000456,wifi,0.0,0.7352538648812587,0.24731297999328775,0.0,0.0,down,up,up,down,down
51.20000000000046,wifi,0.0,0.695473945229715,0.24923819148906887,0.0,0.0,down,up,up,down,down
51.30000000000046,wifi,0.0,0.7227594650146305,0.25335787444854957,0.0,0.0,down,up,up,down,down
51.40000000000046,wifi,0.0,0.6877370297994098,0.21597836305051488,0.0,0.0,down,up,up,down,down
51.50000000000046,wifi,0.0,0.6558697607996111,0.2835420493578781,0.0,0.0,down,up,up,down,down
51.60000000000046,wifi,0.0,0.6709908205162718,0.2611798277459505,0.0,0.0,down,up,up,down,down
51.700000000000465,wifi,0.0,0.668749960415569,0.3027463736701907,0.0,0.0,down,up,up,down,down
51.800000000000466,wifi,0.0,0.6668806879271301,0.2797085867064601,0.0,0.0,down,up,up,down,down
51.90000000000047,wifi,0.0,0.6301691016258847,0.2599990265048575,0.0,0.0,down,up,up,down,down
52.00000000000047,wifi,0.0,0.6757365876441831,0.26626622226769286,0.0,0.0,down,up,up,down,down
52.10000000000047,wifi,0.0,0.6489782254862483,0.23931108039173524,0.0,0.0,down,up,up,down,down
52.20000000000047,wifi,0.0,0.5938793536743944,0.23435428244709983,0.0,0.0,down,up,up,down,down
52.30000000000047,wifi,0.0,0.6440191020169905,0.2761025416685607,0.0,0.0,down,up,up,down,down
52.400000000000475,wifi,0.0,0.6627623541996247,0.2430557224992455,0.0,0.0,down,up,up,down,down
52.500000000000476,wifi,0.0,0.6189283332992742,0.28745831641067526,0.0,0.0,down,up,up,down,down
52.60000000000048,wifi,0.0,0.6438210117218697,0.29636626486372253,0.0,0.0,down,up,up,down,down
52.70000000000048,wifi,0.0,0.6101715928938869,0.2652261804476362,0.0,0.0,down,up,up,down,down
52.80000000000048,wifi,0.0,0.6162152310083788,0.27526337464554274,0.0,0.0,down,up,up,down,down
52.90000000000048,wifi,0.0,0.5850746473841697,0.21615751078764703,0.0,0.0,down,up,up,down,down
53.00000000000048,wifi,0.0,0.6904310223091914,0.2913906102227986,0.0,0.0,down,up,up,down,down
53.100000000000485,wifi,0.0,0.6025557311580061,0.291587861122492,0.0,0.0,down,up,up,down,down
53.200000000000486,wifi,0.0,0.6177818081070947,0.2831821374817642,0.0,0.0,down,up,up,down,down
53.30000000000049,wifi,0.0,0.5838192400636579,0.2797373606770063,0.0,0.0,down,up,up,down,down
53.40000000000049,wifi,0.0,0.5716110852028808,0.2515598741622068,0.0,0.0,down,up,up,down,down
53.50000000000049,wifi,0.0,0.5959637154507084,0.2843400443393787,0.0,0.0,down,up,up,down,down
53.60000000000049,wifi,0.0,0.5491184314793388,0.27414727389039656,0.0,0.0,down,up,up,down,down
53.70000000000049,wifi,0.0,0.5292877966800923,0.2586061162929619,0.0,0.0,down,up,up,down,down
53.800000000000495,wifi,0.0,0.62599422077905,0.27114885103931496,0.0,0.0,down,up,up,down,down
53.900000000000496,wifi,0.0,0.5501567495238161,0.29232781988102574,0.0,0.0,down,up,up,down,down
54.0000000000005,wifi,0.0,0.583806671351895,0.2634358672266407,0.0,0.0,down,up,up,down,down
54.1000000000005,wifi,0.0,0.5483809431458809,0.265020605618281,0.0,0.0,down,up,up,down,down
54.2000000000005,wifi,0.0,0.5697408459997162,0.25404036180221223,0.0,0.0,down,up,up,down,down
54.3000000000005,wifi,0.0,0.547011623882773,0.2880091472859226,0.0,0.0,down,up,up,down,down
54.4000000000005,wifi,0.0,0.5178003259180712,0.2798205584839397,0.0,0.0,down,up,up,down,down
54.500000000000504,wifi,0.0,0.5684254938722422,0.280188454489886,0.0,0.0,down,up,up,down,down
54.600000000000506,wifi,0.0,0.5636519795236643,0.2795477821134119,0.0,0.0,down,up,up,down,down
54.70000000000051,wifi,0.0,0.5712191113400611,0.2761272314841176,0.0,0.0,down,up,up,down,down
54.80000000000051,wifi,0.0,0.5169621208726973,0.2671774064332976,0.0,0.0,down,up,up,down,down
54.90000000000051,wifi,0.0,0.5363684636793904,0.26639787456102626,0.0,0.0,down,up,up,down,down
55.00000000000051,wifi,0.0,0.5278979081345374,0.2655804868928874,0.0,0.0,down,up,up,down,down
55.10000000000051,wifi,0.0,0.5545979019262491,0.3179041267089772,0.0,0.0,down,up,up,down,down
55.200000000000514,wifi,0.0,0.45034793958666874,0.2614611455740476,0.0,0.0,down,up,up,down,down
55.300000000000516,wifi,0.0,0.530341939545551,0.25147243530998026,0.0,0.0,down,up,up,down,down
55.40000000000052,wifi,0.0,0.5077759546972722,0.2798101374915765,0.0,0.0,down,up,up,down,down
55.50000000000052,wifi,0.0,0.520502010191801,0.273862327930477,0.0,0.0,down,up,up,down,down
55.60000000000052,wifi,0.0,0.48891177011971043,0.3173333180231128,0.0,0.0,down,up,up,down,down
55.70000000000052,wifi,0.0,0.5205000935051836,0.2809153354954927,0.0,0.0,down,up,up,down,down
55.80000000000052,wifi,0.0,0.4950782452741276,0.27066256397835614,0.0,0.0,down,up,up,down,down
55.900000000000524,wifi,0.0,0.4757855586975953,0.283327692572507,0.0,0.0,down,up,up,down,down
56.000000000000526,wifi,0.0,0.4642032578527136,0.2396515671996886,0.0,0.0,down,up,up,down,down
56.10000000000053,wifi,0.0,0.4755612387277914,0.2503210131729901,0.0,0.0,down,up,up,down,down
56.20000000000053,wifi,0.0,0.523600330346493,0.25376702237367565,0.0,0.0,down,up,up,down,down
56.30000000000053,wifi,0.0,0.47818541474694526,0.29012350328482966,0.0,0.0,down,up,up,down,down
56.40000000000053,wifi,0.0,0.46222632819173376,0.2930742656777733,0.0,0.0,down,up,up,down,down
56.50000000000053,wifi,0.0,0.42351588181830413,0.2718969053851677,0.0,0.0,down,up,up,down,down
56.600000000000534,wifi,0.0,0.4863515275770986,0.27636444104698626,0.0,0.0,down,up,up,down,down
56.700000000000536,wifi,0.0,0.49117446330107556,0.2385783826072921,0.0,0.0,down,up,up,down,down
56.80000000000054,wifi,0.0,0.43463773943567896,0.2816505957403308,0.0,0.0,down,up,up,down,down
56.90000000000054,wifi,0.0,0.4635197714792266,0.2530786087981454,0.0,0.0,down,up,up,down,down
57.00000000000054,wifi,0.0,0.4118966026239498,0.26131067902129984,0.0,0.0,down,up,up,down,down
57.10000000000054,wifi,0.0,0.46818727051760123,0.25011037280599396,0.0,0.0,down,up,up,down,down
57.20000000000054,wifi,0.0,0.44467111078985405,0.31287843634127854,0.0,0.0,down,up,up,down,down
57.300000000000544,wifi,0.0,0.44572439117235485,0.308207105782825,0.0,0.0,down,up,up,down,down
57.400000000000546,wifi,0.0,0.39866332773887797,0.28250673515734975,0.0,0.0,down,up,up,down,down
57.50000000000055,wifi,0.0,0.409848624921166,0.286790494350835,0.0,0.0,down,up,up,down,down
57.60000000000055,wifi,0.0,0.4071092069188776,0.29089217433807135,0.0,0.0,down,up,up,down,down
57.70000000000055,wifi,0.0,0.41865688195566336,0.26394709827375407,0.0,0.0,down,up,up,down,down
57.80000000000055,wifi,0.0,0.4000703613961708,0.24921532082188008,0.0,0.0,down,up,up,down,down
57.90000000000055,wifi,0.0,0.40746739875787447,0.2850946730108066,0.0,0.0,down,up,up,down,down
58.000000000000554,wifi,0.0,0.4424284414877654,0.26837212543738104,0.0,0.0,down,up,up,down,down
58.100000000000556,wifi,0.0,0.4060080042487833,0.2805303409167081,0.0,0.0,down,up,up,down,down
58.20000000000056,wifi,0.0,0.37658967277255007,0.2718874991333524,0.0,0.0,down,up,up,down,down
58.30000000000056,wifi,0.0,0.43357631805244984,0.26052810939220306,0.0,0.0,down,up,up,down,down
58.40000000000056,wifi,0.0,0.3805299386070377,0.26711960012586133,0.0,0.0,down,up,up,down,down
58.50000000000056,wifi,0.0,0.3601030918755594,0.3332164488426798,0.0,0.0,down,up,up,down,down
58.60000000000056,cellular_5g,0.0,0.3631299894524943,0.2927032584484419,0.0,0.0,down,up,up,down,down
58.700000000000564,cellular_5g,0.0,0.40822044595450996,0.2875785230135759,0.0,0.0,down,up,up,down,down
58.800000000000566,cellular_5g,0.0,0.3299522183434174,0.25201401569197457,0.0,0.0,down,up,up,down,down
58.90000000000057,cellular_5g,0.0,0.0,0.272957521391628,0.0,0.0,down,up,up,down,down
59.00000000000057,cellular_5g,0.0,0.0,0.28211068721317245,0.0,0.0,down,up,up,down,down
59.10000000000057,cellular_5g,0.0,0.560926160640833,0.28225555591369444,0.0,0.0,down,up,up,down,down
59.20000000000057,cellular_5g,0.0,0.5386912976353969,0.2697667128332412,0.0,0.0,down,up,up,down,down
59.30000000000057,cellular_5g,0.0,0.5924780954093032,0.24996901439870867,0.0,0.0,down,up,up,down,down
59.400000000000574,cellular_5g,0.0,0.5762437325376579,0.26336489186226375,0.0,0.0,down,up,up,down,down
59.500000000000576,cellular_5g,0.0,0.5826080496721884,0.3104349933095978,0.0,0.0,down,up,up,down,down
59.60000000000058,cellular_5g,0.0,0.6048705739178185,0.26055146515974653,0.0,0.0,down,up,up,down,down
59.70000000000058,cellular_5g,0.0,0.5910301990718198,0.26009677923835084,0.0,0.0,down,up,up,down,down
59.80000000000058,cellular_5g,0.0,0.5888185710578417,0.2722462478234442,0.0,0.0,down,up,up,down,down
59.90000000000058,cellular_5g,0.0,0.5712912972067556,0.30529048655210744,0.0,0.0,down,up,up,down,down
60.00000000000058,cellular_5g,0.0,0.5975479338501565,0.27753750628697815,0.0,0.0,down,up,up,down,down
60.100000000000584,cellular_5g,0.0,0.6003308498700326,0.25255903798407386,0.0,0.0,down,up,up,down,down
60.200000000000585,cellular_5g,0.0,0.5783257385254001,0.26818908721130524,0.0,0.0,down,up,up,down,down
60.30000000000059,cellular_5g,0.0,0.5894097812375495,0.2780300697198501,0.0,0.0,down,up,up,down,down
60.40000000000059,cellular_5g,0.0,0.5923880022350128,0.2816226131675495,0.0,0.0,down,up,up,down,down
60.50000000000059,cellular_5g,0.0,0.5834550158405494,0.2521248198549341,0.0,0.0,down,up,up,down,down
60.60000000000059,cellular_5g,0.0,0.6006007650735429,0.297971386867093,0.0,0.0,down,up,up,down,down
60.70000000000059,cellular_5g,0.0,0.5835292990412946,0.2850532839838783,0.0,0.0,down,up,up,down,down
60.800000000000594,cellular_5g,0.0,0.6173452686014749,0.28892188812447556,0.0,0.0,down,up,up,down,down
60.900000000000595,cellular_5g,0.0,0.5945831792503797,0.2648086018124317,0.0,0.0,down,up,up,down,down
61.0000000000006,cellular_5g,0.0,0.6227277658078604,0.26585005965459546,0.0,0.0,down,up,up,down,down
61.1000000000006,cellular_5g,0.0,0.637781125999614,0.3074363025679963,0.0,0.0,down,up,up,down,down
61.2000000000006,cellular_5g,0.0,0.5734441850001477,0.28917579310737723,0.0,0.0,down,up,up,down,down
61.3000000000006,cellular_5g,0.0,0.5867841181496722,0.22802024642855911,0.0,0.0,down,up,up,down,down
61.4000000000006,cellular_5g,0.0,0.5975806054186963,0.30056136223166563,0.0,0.0,down,up,up,down,down
61.500000000000604,cellular_5g,0.0,0.5726237266987664,0.2947917783585521,0.0,0.0,down,up,up,down,down
61.600000000000605,cellular_5g,0.0,0.5954598268534455,0.2845318296422687,0.0,0.0,down,up,up,down,down
61.70000000000061,cellular_5g,0.0,0.6152715340289522,0.31554000537145244,0.0,0.0,down,up,up,down,down
61.80000000000061,cellular_5g,0.0,0.5733199982347863,0.3007537595093922,0.0,0.0,down,up,up,down,down
61.90000000000061,cellular_5g,0.0,0.5501290655183905,0.2659318190432327,0.0,0.0,down,up,up,down,down
62.00000000000061,cellular_5g,0.0,0.5977671996967586,0.2663135916814923,0.0,0.0,down,up,up,down,down
62.10000000000061,cellular_5g,0.0,0.6334208103115639,0.24269025457726087,0.0,0.0,down,up,up,down,down
62.200000000000614,wifi,0.0,0.5620133984798781,0.2775302508004202,0.0,0.0,down,up,up,down,down
62.300000000000615,wifi,0.0,0.6167062022896543,0.2841673768463295,0.0,0.0,down,up,up,down,down
62.40000000000062,wifi,0.0,0.5744086319644321,0.22953817258724427,0.0,0.0,down,up,up,down,down
62.50000000000062,wifi,0.0,0.5828819234871998,0.26908864113633174,0.0,0.0,down,up,up,down,down
62.60000000000062,wifi,0.0,0.5421873095130547,0.2818498928602662,0.0,0.0,down,up,up,down,down
62.70000000000062,wifi,0.0,0.5553328097477994,0.3000718290211066,0.0,0.0,down,up,up,down,down
62.80000000000062,wifi,0.0,0.5541663889553291,0.28205582944810315,0.0,0.0,down,up,up,down,down
62.900000000000624,wifi,0.0,0.6092743391624198,0.29594394716206524,0.0,0.0,down,up,up,down,down
63.000000000000625,wifi,0.0,0.5826110130297062,0.29608980341898844,0.0,0.0,down,up,up,down,down
63.10000000000063,wifi,0.0,0.5535317585286075,0.2690235028449126,0.0,0.0,down,up,up,down,down
63.20000000000063,wifi,0.0,0.5799341997355161,0.2436344260943571,0.0,0.0,down,up,up,down,down
63.30000000000063,wifi,0.0,0.5834785748874645,0.2947247298694154,0.0,0.0,down,up,up,down,down
63.40000000000063,wifi,0.0,0.5648592158159946,0.2626346476821385,0.0,0.0,down,up,up,down,down
63.50000000000063,wifi,0.0,0.554781714125957,0.2575950168030752,0.0,0.0,down,up,up,down,down
63.600000000000634,wifi,0.0,0.5092027258174653,0.28387058439700413,0.0,0.0,down,up,up,down,down
63.700000000000635,wifi,0.0,0.5212237643285779,0.2789724542480957,0.0,0.0,down,up,up,down,down
63.80000000000064,wifi,0.0,0.5340204913116893,0.2683962166176076,0.0,0.0,down,up,up,down,down
63.90000000000064,wifi,0.0,0.5711181799670305,0.25895842533836316,0.0,0.0,down,up,up,down,down
64.00000000000064,wifi,0.0,0.5596618860195918,0.2545813311279454,0.0,0.0,down,up,up,down,down
64.10000000000063,wifi,0.0,0.581841553063008,0.2665047328045131,0.0,0.0,down,up,up,down,down
64.20000000000063,wifi,0.0,0.6119887605616101,0.24017458991481333,0.0,0.0,down,up,up,down,down
64.30000000000062,wifi,0.0,0.5376473237681803,0.2931171443156609,0.0,0.0,down,up,up,down,down
64.40000000000062,wifi,0.0,0.5418521215502541,0.21505764494321825,0.0,0.0,down,up,up,down,down
64.50000000000061,wifi,0.0,0.5539752276253525,0.2885247306754988,0.0,0.0,down,up,up,down,down
64.6000000000006,wifi,0.0,0.5405499478773891,0.24427777993317734,0.0,0.0,down,up,up,down,down
64.7000000000006,wifi,0.0,0.53208928674192,0.27899215213534434,0.0,0.0,down,up,up,down,down
64.8000000000006,wifi,0.0,0.5356696205420082,0.27903414779495506,0.0,0.0,down,up,up,down,down
64.90000000000059,wifi,0.0,0.544936201865949,0.2819323338810338,0.0,0.0,down,up,up,down,down
65.00000000000058,wifi,0.0,0.5080597264961149,0.23985351698374927,0.0,0.0,down,up,up,down,down
65.10000000000058,wifi,0.0,0.5167871753326893,0.311933279010251,0.0,0.0,down,up,up,down,down
65.20000000000057,wifi,0.0,0.4596960618263058,0.2737753788626819,0.0,0.0,down,up,up,down,down
65.30000000000057,wifi,0.0,0.5104013075897935,0.28690527404814614,0.0,0.0,down,up,up,down,down
65.40000000000056,wifi,0.0,0.5317427409209594,0.2678036033407736,0.0,0.0,down,up,up,down,down
65.50000000000055,wifi,0.0,0.4897196441311326,0.2650078531278106,0.0,0.0,down,up,up,down,down
65.60000000000055,wifi,0.0,0.5206243780897054,0.2995271514836469,0.0,0.0,down,up,up,down,down
65.70000000000054,wifi,0.0,0.5407774986984248,0.28089495200002773,0.0,0.0,down,up,up,down,down
65.80000000000054,wifi,0.0,0.5002910642425853,0.27846633014719485,0.0,0.0,down,up,up,down,down
65.90000000000053,wifi,0.0,0.4965332341131578,0.2916084053704057,0.0,0.0,down,up,up,down,down
66.00000000000053,wifi,0.0,0.5162098911750324,0.27875956976558286,0.0,0.0,down,up,up,down,down
66.10000000000052,wifi,0.0,0.506791877106297,0.26843837075776095,0.0,0.0,down,up,up,down,down
66.20000000000051,wifi,0.0,0.49948435867647945,0.2682549846406488,0.0,0.0,down,up,up,down,down
66.30000000000051,wifi,0.0,0.5108458645319918,0.2846149772568501,0.8552954840948769,0.7967951955688876,down,up,up,down,down
66.4000000000005,wifi,0.0,0.522078945017244,0.25966471137818187,0.8356121086268175,0.792668529635223,down,up,up,down,down
66.5000000000005,wifi,0.0,0.5123492332761395,0.27791443662001825,0.8335621700391028,0.7857826191448315,down,up,up,down,down
66.60000000000049,wifi,0.0,0.5136069231624237,0.2983983166324521,0.8761966176344492,0.7959015779401842,down,up,up,down,down
66.70000000000049,wifi,0.0,0.5333713705458625,0.25800942974814123,0.8501229266477838,0.8229597865639093,down,up,up,down,down
66.80000000000048,wifi,0.0,0.5841927786078138,0.2810761972977559,0.8374836161344035,0.7901239796935693,down,up,up,down,down
66.90000000000047,wifi,0.0,0.5056145299600694,0.26070912407338737,0.8394069700553589,0.8421391336355838,down,up,up,down,down
67.00000000000047,wifi,0.0,0.5247023865513161,0.2571790785663458,0.862842910231658,0.8017565166135895,down,up,up,down,down
67.10000000000046,wifi,0.0,0.5267599114441346,0.2851319534340857,0.8466480768084168,0.8080905570953136,down,up,up,down,down
67.20000000000046,wifi,0.0,0.532998759078765,0.27126370253321225,0.8774164820480526,0.8059035192919546,down,up,up,down,down
67.30000000000045,wifi,0.0,0.47310262968331573,0.27549941098664676,0.8751176696832352,0.7830985139678379,down,up,up,down,down
67.40000000000045,wifi,0.0,0.4675195998882817,0.2940580530282489,0.8521191510103967,0.8004341191428905,down,up,up,down,down
67.50000000000044,wifi,0.0,0.49596919061372874,0.2760189988758694,0.8445187652090977,0.7930932384632179,down,up,up,down,down
67.60000000000043,wifi,0.0,0.4847805388201675,0.2608083938629065,0.8295361157036284,0.7764932932918391,down,up,up,down,down
67.70000000000043,wifi,0.0,0.4744562633211391,0.2884917391562945,0.8760907242743247,0.8125692611628601,down,up,up,down,down
67.80000000000042,wifi,0.0,0.48684194559684074,0.31974559728100505,0.8475853926956782,0.8195436664462761,down,up,up,down,down
67.90000000000042,wifi,0.0,0.5464776900875903,0.3003588501888277,0.8444022385134503,0.7682027678126765,down,up,up,down,down
68.00000000000041,wifi,0.0,0.4737316403310349,0.29422825745192827,0.8602385645057613,0.8173776567181202,down,up,up,down,down
68.1000000000004,wifi,0.0,0.4702898840633754,0.3172584100860331,0.8323639862501692,0.806725588386009,down,up,up,down,down
68.2000000000004,wifi,0.0,0.46255231775567224,0.27934236239884824,0.05,0.8182201671774193,down,up,up,down,down
68.3000000000004,wifi,0.0,0.5069585223016257,0.253208824868301,0.8546705620923968,0.7823354674565764,down,up,up,down,down
68.40000000000039,wifi,0.0,0.46577335972851086,0.2636403315669497,0.8398752367353305,0.7726223044292323,down,up,up,down,down
68.50000000000038,wifi,0.0,0.4974623561528169,0.29275914206419146,0.8627660850754028,0.8056491042523821,down,up,up,down,down
68.60000000000038,wifi,0.0,0.4611113592228097,0.29027408436433516,0.8562754953919357,0.7966175528221516,down,up,up,down,down
68.70000000000037,wifi,0.0,0.5002820539364805,0.27498839522189655,0.8586772511769025,0.7798476358669642,down,up,up,down,down
68.80000000000037,wifi,0.0,0.5261146178921651,0.309350778639193,0.8185289502789432,0.8103033492573964,down,up,up,down,down
68.90000000000036,wifi,0.0,0.46649053916902367,0.28630780993339927,0.8555119948563147,0.7897892385278878,down,up,up,down,down
69.00000000000036,wifi,0.0,0.5183830939880636,0.3388212331008208,0.8719118561142454,0.7787376586319599,down,up,up,down,down
69.10000000000035,wifi,0.0,0.46917993687059967,0.2855724135030178,0.8321230313510696,0.7631824984280635,down,up,up,down,down
69.20000000000034,wifi,0.0,0.4572610583886895,0.27922864164007166,0.8641889310177628,0.7879848085282952,down,up,up,down,down
69.30000000000034,wifi,0.0,0.4916581302874718,0.27332496797510714,0.8542478409183981,0.7902176014411777,down,up,up,down,down
69.40000000000033,wifi,0.0,0.46680088429321104,0.27729297108133466,0.8482516481319647,0.803895045201939,down,up,up,down,down
69.50000000000033,wifi,0.0,0.4006468199140386,0.27775815417042937,0.8407957599284309,0.7940219262936484,down,up,up,down,down
69.60000000000032,wifi,0.0,0.40577157885134696,0.2576279486334914,0.8584261060560157,0.8175802147991621,down,up,up,down,down
69.70000000000032,wifi,0.0,0.5079474182146463,0.29390219034059073,0.852121155739242,0.783867858910382,down,up,up,down,down
69.80000000000031,wifi,0.0,0.4642532378492433,0.24817994953611844,0.8497612024500328,0.783197535393676,down,up,up,down,down
69.9000000000003,wifi,0.0,0.4410853697727074,0.2782610392260986,0.855477422072034,0.801217375735953,down,up,up,down,down
70.0000000000003,wifi,0.0,0.47747648626799055,0.31503595965507997,0.8574041797013026,0.8027149979952098,down,up,up,down,down
70.10000000000029,wifi,0.0,0.42988595132777335,0.252060974850844,0.8484364207079095,0.8417251243785322,down,up,up,down,down
70.20000000000029,wifi,0.0,0.4550912002794149,0.2959343799314141,0.8706716123899283,0.8279956519012878,down,up,up,down,down
70.30000000000028,wifi,0.0,0.4596361466147275,0.265144919980213,0.8596885243064076,0.7909734037356979,down,up,up,down,down
70.40000000000028,wifi,0.0,0.43587658528598505,0.3153688294023397,0.8597833381801524,0.8193769520256255,down,up,up,down,down
70.50000000000027,wifi,0.0,0.41664198282868553,0.2764677840384951,0.8645980885126978,0.8113219765255497,down,up,up,down,down
70.60000000000026,wifi,0.0,0.4861995974530231,0.2837885892530903,0.8575283545027744,0.7605355834062165,down,up,up,down,down
70.70000000000026,wifi,0.0,0.4506139231374636,0.2911966698874127,0.8540722845608198,0.80759792596876,down,up,up,down,down
70.80000000000025,wifi,0.0,0.45727321328292164,0.3220496292894305,0.8583155834825821,0.8089175795336241,down,up,up,down,down
70.90000000000025,wifi,0.0,0.44890454971083643,0.3163266516983177,0.8414433615791923,0.7815860866745863,down,up,up,down,down
71.00000000000024,wifi,0.0,0.43665947058069926,0.23734231367542946,0.8208251318262428,0.8099353744519874,down,up,up,down,down
71.10000000000024,wifi,0.0,0.45500894009759707,0.2625540315485142,0.8717074873914387,0.7745529931327828,down,up,up,down,down
71.20000000000023,wifi,0.0,0.415656140105785,0.3244212009637607,0.8389027362082528,0.7560294671465776,down,up,up,down,down
71.30000000000022,wifi,0.0,0.45819598059555344,0.2860869527591427,0.8706539451612394,0.7713888573610744,down,up,up,down,down
71.40000000000022,wifi,0.0,0.47010218656241987,0.29350604755182613,0.8234067339954807,0.7946590028513458,down,up,up,down,down
71.50000000000021,wifi,0.0,0.3859876748177868,0.27519469389637835,0.8739406088888151,0.7826210507977844,down,up,up,down,down
71.60000000000021,wifi,0.0,0.45650620536623665,0.27977809836315115,0.8633254268807319,0.8009876221803977,down,up,up,down,down
71.7000000000002,wifi,0.0,0.4025515708315048,0.291460392103634,0.8402270631031277,0.7790643872812067,down,up,up,down,down
71.8000000000002,wifi,0.0,0.3962209037205177,0.2841046171221734,0.8480567427356716,0.777694213926183,down,up,up,down,down
71.90000000000019,wifi,0.0,0.44853258150697145,0.26647718069370685,0.8714608069822606,0.7965145490249395,down,up,up,down,down
72.00000000000018,wifi,0.0,0.40588221165477734,0.30724731121795057,0.8357518429334372,0.842513609127911,down,up,up,down,down
72.10000000000018,wifi,0.0,0.40811260561823415,0.2791869581234485,0.8702593339664815,0.8329601188656757,down,up,up,down,down
72.20000000000017,wifi,0.0,0.3596298741881679,0.25449097032151685,0.8195851923216154,0.8069854315493756,down,up,up,down,down
72.30000000000017,wifi,0.0,0.3417414804229377,0.3089487859188375,0.8604896643565986,0.7870705567090366,down,up,up,down,down
72.40000000000016,wifi,0.0,0.3940004598743652,0.30254346946972277,0.843217461963268,0.8164331052927198,down,up,up,down,down
72.50000000000016,wifi,0.0,0.3239398464400029,0.3141948591781386,0.8519947654799241,0.8078143250398523,down,up,up,down,down
72.60000000000015,cellular_5g,0.0,0.33905355147730204,0.28064455508472236,0.8789413387571122,0.8206157233800991,down,up,up,down,down
72.70000000000014,cellular_5g,0.0,0.3291289259883037,0.32520972235084455,0.8622101373041493,0.7825088419702119,down,up,up,down,down
72.80000000000014,cellular_5g,0.0,0.3788872920253997,0.30666918658327574,0.9093191287909456,0.8128115162564763,down,up,up,down,down
72.90000000000013,cellular_5g,0.0,0.2546615647445648,0.3148034676648513,0.8219681697484783,0.7829684262452506,down,up,up,down,down
73.00000000000013,cellular_5g,0.0,0.2985983945609451,0.3219159734718818,0.8582402362714119,0.7912006098121499,down,up,up,down,down
73.10000000000012,cellular_5g,0.0,0.3009248263170683,0.3132379741352304,0.84559809710303,0.7804594279072872,down,up,up,down,down
73.20000000000012,cellular_5g,0.0,0.28364538211712753,0.3018453801468638,0.8553622581148139,0.7975456970152118,down,up,up,down,down
73.30000000000011,cellular_5g,0.0,0.3352653058953557,0.3381752053220137,0.8373621486469843,0.7997658359500069,down,up,up,down,down
73.4000000000001,cellular_5g,0.0,0.2757744301422491,0.3135409827129183,0.8628691078060704,0.8423423301111884,down,up,up,down,down
73.5000000000001,cellular_5g,0.0,0.3210409817247218,0.32395581725979494,0.8340038145207074,0.8039950820167475,down,up,up,down,down
73.6000000000001,cellular_5g,0.0,0.26292667097546707,0.3141323133124166,0.8324140121819122,0.7777728441060013,down,up,up,down,down
73.70000000000009,cellular_5g,0.0,0.26630290930038464,0.34146996631485477,0.8627831545723537,0.7781152075324286,down,up,up,down,down
73.80000000000008,cellular_5g,0.0,0.27696785677326796,0.3477111262419072,0.8289848437759253,0.7915815972054521,down,up,up,down,down
73.90000000000008,cellular_5g,0.0,0.22844111442110454,0.326011545009527,0.80352193882644,0.7983905935210247,down,up,up,down,down
74.00000000000007,cellular_5g,0.0,0.22822873642846986,0.2979985209074965,0.8376001367460982,0.7774399995961607,down,up,up,down,down
74.10000000000007,cellular_5g,0.0,0.24916516386720816,0.3577898362197371,0.8520192878379799,0.8004013314239984,down,up,up,down,down
74.20000000000006,cellular_5g,0.0,0.22527686352808834,0.3454517665372964,0.832718768187674,0.7981278934697497,down,up,up,down,down
74.30000000000005,cellular_5g,0.0,0.17936217543398564,0.3361391070795577,0.8454946500422736,0.7907916341300197,down,up,up,down,down
74.40000000000005,cellular_5g,0.0,0.21117000856835588,0.3858688969562732,0.8025337003115631,0.802050407542297,down,up,up,down,down
74.50000000000004,cellular_5g,0.0,0.23138245234106555,0.3996357504562769,0.846790693161854,0.797984862280831,down,up,up,down,down
74.60000000000004,cellular_5g,0.0,0.21519634292406878,0.3476072955109882,0.8447217101900921,0.811238820779228,down,up,up,down,down
74.70000000000003,cellular_5g,0.0,0.20739113014788693,0.38838895272975377,0.8728141441735564,0.8000182155503615,down,up,up,down,down
74.80000000000003,cellular_5g,0.0,0.12139840738423793,0.3785809480974814,0.8528647516104192,0.7926821120140476,down,up,up,down,down
74.90000000000002,cellular_5g,0.0,0.11174522086751004,0.4282167646826929,0.8703638101609581,0.8083874746868721,down,up,up,down,down
75.00000000000001,cellular_5g,0.0,0.15496120212558112,0.39329358428687444,0.8497175395155296,0.8296817067221853,down,up,up,down,down
75.10000000000001,cellular_5g,0.0,0.09021701582026473,0.40802997986662914,0.8412099085460708,0.7996762829380563,down,up,up,down,down
75.2,cellular_5g,0.0,0.12786076491306098,0.400857419810161,0.875190878763106,0.800792171906854,down,up,up,down,down
75.3,cellular_5g,0.0,0.09625692751448298,0.42073034103442436,0.8325325811957435,0.7915711186006071,down,up,up,down,down
75.39999999999999,cellular_5g,0.0,0.07116507463273222,0.4370431448857775,0.8306368197592117,0.8066331148997468,down,up,up,down,down
75.49999999999999,cellular_5g,0.0,0.06463524147377875,0.40898630987797646,0.8340524334962152,0.800331799145461,down,up,up,down,down
75.59999999999998,cellular_5g,0.0,0.03072055669391993,0.42707834163341885,0.8712104568587679,0.796254602929421,down,up,up,down,down
75.69999999999997,cellular_5g,0.0,0.0,0.41912285241014785,0.8633204108011683,0.7880443034897945,down,up,up,down,down
75.79999999999997,cellular_5g,0.0,0.0028214168333828837,0.44728754772946816,0.8577927940845926,0.82431976914211,down,up,up,down,down
75.89999999999996,cellular_5g,0.0,0.0,0.4419849237864702,0.8894284049607907,0.7901237921864435,down,up,up,down,down
75.99999999999996,cellular_5g,0.0,0.0,0.4595247526467645,0.8315301965577364,0.8087919329657108,down,up,up,down,down
76.09999999999995,cellular_5g,0.0,0.0,0.45724689562813126,0.876054434879476,0.7897270919669066,down,up,up,down,down
76.19999999999995,cellular_5g,0.0,0.0,0.4809721362751347,0.8436754666364847,0.7967717153537056,down,down,up,down,down
76.29999999999994,cellular_5g,0.0,0.0,0.4796343396489675,0.8147672313768825,0.7973936736596019,down,down,up,down,down
76.39999999999993,cellular_5g,0.0,0.0,0.4704041923390872,0.8221247178018798,0.7933902858751384,down,down,up,down,down
76.49999999999993,cellular_5g,0.0,0.0,0.4650804272272589,0.8556503696493162,0.8008957641629669,down,down,up,down,down
76.59999999999992,cellular_5g,0.0,0.0,0.48359161346041135,0.8417247388991294,0.8249667293144021,down,down,up,down,down
76.69999999999992,cellular_5g,0.0,0.0,0.5273598511794592,0.8324724464945596,0.7959729326106378,down,down,up,down,down
76.79999999999991,cellular_5g,0.0,0.0,0.5127594596639937,0.8289777665811251,0.7915003934865602,down,down,up,down,down
76.8999999999999,cellular_5g,0.0,0.0,0.5051606001289486,0.7997340429431652,0.7937617336140222,down,down,up,down,down
76.9999999999999,cellular_5g,0.0,0.0,0.5368476520215185,0.8509864437440888,0.7926577075356013,down,down,up,down,down
77.0999999999999,cellular_5g,0.0,0.0,0.5071670228953369,0.8611061745098711,0.8194436971750202,down,down,up,down,down
77.19999999999989,cellular_5g,0.0,0.0,0.5250525964449568,0.8441206006434235,0.8035878152625276,down,down,up,down,down
77.29999999999988,cellular_5g,0.0,0.0,0.5427820320552393,0.8506430440283349,0.8219062044714055,down,down,up,down,down
77.39999999999988,cellular_5g,0.0,0.0,0.5185187799635276,0.8562627339048827,0.80589208810761,down,down,up,down,down
77.49999999999987,cellular_5g,0.0,0.0,0.5419666010303353,0.845835625823672,0.8205937439483721,down,down,up,down,down
77.59999999999987,cellular_5g,0.0,0.0,0.5596584771442159,0.8457152026346629,0.8048413375616162,down,down,up,down,down
77.69999999999986,cellular_5g,0.0,0.0,0.5382574332233006,0.8596325793918446,0.7942377648042248,down,down,up,down,down
77.79999999999986,cellular_5g,0.0,0.0,0.5339287727279316,0.8513556722804901,0.7781715979189537,down,down,up,down,down
77.89999999999985,cellular_5g,0.0,0.0,0.5036771717247348,0.844857783365445,0.7881106475557302,down,down,up,down,down
77.99999999999984,cellular_5g,0.0,0.0,0.49711775766007604,0.8840277185486958,0.7985857988447291,down,down,up,down,down
78.09999999999984,cellular_5g,0.0,0.0,0.4996653742079349,0.863332213383937,0.8094931246086429,down,down,up,down,down
78.19999999999983,cellular_5g,0.0,0.0,0.5415128303083406,0.8628493638933058,0.7894526656168607,down,down,up,down,down
78.29999999999983,cellular_5g,0.0,0.0,0.5318894097381803,0.843276004874718,0.7978010941670132,down,down,up,down,down
78.39999999999982,cellular_5g,0.0,0.0,0.5103184142626728,0.8484738546184177,0.8137618533230327,down,down,up,down,down
78.49999999999982,cellular_5g,0.0,0.0,0.5134393011727633,0.8279387407506069,0.8204680644735914,down,down,up,down,down
78.59999999999981,cellular_5g,0.0,0.0,0.5072538856139758,0.8331611646465582,0.7719335902619142,down,down,up,down,down
78.6999999999998,cellular_5g,0.0,0.0,0.502852215653727,0.862402219111912,0.7833724342489083,down,down,up,down,down
78.7999999999998,cellular_5g,0.0,0.0,0.5261020509940798,0.8468908395723381,0.7836580047301981,down,down,up,down,down
78.89999999999979,cellular_5g,0.0,0.0,0.5211970103603966,0.874375107869762,0.7842520271968612,down,down,up,down,down
78.99999999999979,cellular_5g,0.0,0.0,0.48417454929761133,0.8377307419015385,0.7850130211681092,down,down,up,down,down
79.09999999999978,cellular_5g,0.0,0.0,0.5026725893100096,0.8360661950368619,0.7679591463536163,down,down,up,down,down
79.19999999999978,cellular_5g,0.0,0.0,0.549913879573927,0.8732655674997579,0.80461131996871,down,down,up,down,down
79.29999999999977,cellular_5g,0.0,0.0,0.49028494478672996,0.8675537641305966,0.7910178918046166,down,down,up,down,down
79.39999999999976,cellular_5g,0.0,0.0,0.5424355951195758,0.8365737563928494,0.8126188260534049,down,down,up,down,down
79.49999999999976,cellular_5g,0.0,0.0,0.4814192864145647,0.8615869162941824,0.8217063197587171,down,down,up,down,down
79.59999999999975,cellular_5g,0.0,0.0,0.49067549848033876,0.8542479675293441,0.8059218808676454,down,down,up,down,down
79.69999999999975,cellular_5g,0.0,0.0,0.5290623564639102,0.8334158906986289,0.7879023149901485,down,down,up,down,down
79.79999999999974,cellular_5g,0.0,0.0,0.531859296623995,0.8104491292305273,0.7695314167227864,down,down,up,down,down
79.89999999999974,cellular_5g,0.0,0.0,0.5225691868653053,0.8322952039701766,0.8089002806189233,down,down,up,down,down
79.99999999999973,cellular_5g,0.0,0.0,0.5013329476723175,0.8659685987198059,0.7864855660235064,down,down,up,down,down
80.09999999999972,cellular_5g,0.0,0.0,0.5094727894238347,0.8851832900796236,0.7748855023548291,down,down,up,down,down
80.19999999999972,cellular_5g,0.0,0.0,0.5076292544769677,0.8648720823608759,0.7907330125573975,down,down,up,down,down
80.29999999999971,cellular_5g,0.0,0.0,0.5145394414194732,0.8124987779083996,0.7842243254616714,down,down,up,down,down
80.39999999999971,cellular_5g,0.0,0.0,0.5156110949487248,0.8366297426920049,0.8151854554386407,down,down,up,down,down
80.4999999999997,cellular_5g,0.0,0.0,0.4831921239048864,0.8747212512977179,0.7975944278738772,down,down,up,down,down
80.5999999999997,cellular_5g,0.0,0.0,0.5089980491119593,0.8558775693801787,0.7791162053570442,down,down,up,down,down
80.69999999999969,cellular_5g,0.0,0.0,0.5010931456548127,0.8748124980673323,0.7963405905847193,down,down,up,down,down
80.79999999999968,cellular_5g,0.0,0.0,0.5334351447631619,0.8579329001839795,0.7829477976191992,down,down,up,down,down
80.89999999999968,cellular_5g,0.0,0.0,0.49632446308180306,0.8435522517943395,0.7986217392825928,down,down,up,down,down
80.99999999999967,cellular_5g,0.0,0.0,0.5082797598328859,0.8455898456364466,0.7969232218178994,down,down,up,down,down
81.09999999999967,cellular_5g,0.0,0.0,0.49499737470174776,0.8430842279260375,0.7663876160859351,down,down,up,down,down
81.19999999999966,cellular_5g,0.0,0.0,0.5039218351412038,0.8651087764622318,0.7931868431310476,down,down,up,down,down
81.29999999999966,cellular_5g,0.0,0.0,0.535809349350281,0.8659468864374765,0.8012631122848128,down,down,up,down,down
81.39999999999965,cellular_5g,0.0,0.0,0.5226700474042709,0.8620664953555599,0.7985566849349324,down,down,up,down,down
81.49999999999964,cellular_5g,0.0,0.0,0.5085634706448545,0.8607415423174252,0.7942561788448583,down,down,up,down,down
81.59999999999964,cellular_5g,0.0,0.0,0.5015337859202122,0.8553765500366864,0.7937996692187677,down,down,up,down,down
81.69999999999963,cellular_5g,0.0,0.0,0.5343204393388814,0.8467126306418803,0.7811930782277907,down,down,up,down,down
81.79999999999963,cellular_5g,0.0,0.0,0.5145912689775437,0.859673472268953,0.8141459903940768,down,down,up,down,down
81.89999999999962,cellular_5g,0.0,0.0,0.5491422424912031,0.9179051654614331,0.8268481207394168,down,down,up,down,down
81.99999999999962,cellular_5g,0.0,0.0,0.5586522132889263,0.9009771942713198,0.8105464538220952,down,down,up,down,down
82.09999999999961,cellular_5g,0.0,0.0,0.5054181487790459,0.8293430699110871,0.8104476298904089,down,down,up,down,down
82.1999999999996,cellular_5g,0.0,0.0,0.5200891952076421,0.8479809098176632,0.8029859909687121,down,down,up,down,down
82.2999999999996,cellular_5g,0.0,0.0,0.5459869693640192,0.8419140353136709,0.8154036087871842,down,down,up,down,down
82.3999999999996,cellular_5g,0.0,0.0,0.5183273721964784,0.8762794150686138,0.7748615438668698,down,down,up,down,down
82.49999999999959,cellular_5g,0.0,0.0,0.5505614614630957,0.8526082263469115,0.7717792267314052,down,down,up,down,down
82.59999999999958,cellular_5g,0.0,0.0,0.5915952583222662,0.8456556790475077,0.7574453498838623,down,down,up,down,down
82.69999999999958,cellular_5g,0.0,0.0,0.5355051008836782,0.8270534486138917,0.7825770971383067,down,down,up,down,down
82.79999999999957,cellular_5g,0.0,0.0,0.541030044290149,0.8824887116495785,0.795049367404396,down,down,up,down,down
82.89999999999957,cellular_5g,0.0,0.0,0.5138119683815424,0.8931487002652915,0.7757740273185078,down,down,up,down,down
82.99999999999956,cellular_5g,0.0,0.0,0.5305272010886974,0.8436934031637121,0.8096957534118387,down,down,up,down,down
83.09999999999955,cellular_5g,0.0,0.0,0.5625803028037248,0.8417738107629666,0.7882885613134674,down,down,up,down,down
83.19999999999955,cellular_5g,0.0,0.0,0.531991543296262,0.05,0.8119919629382674,down,down,up,down,down
83.29999999999954,cellular_5g,0.0,0.0,0.5403261053965676,0.8608445904393087,0.8193414328002014,down,down,up,down,down
83.39999999999954,cellular_5g,0.0,0.0,0.5589907528271425,0.8310584181371874,0.7822466225761207,down,down,up,down,down
83.49999999999953,cellular_5g,0.0,0.0,0.5348483767331169,0.8222290936519594,0.7991539395810328,down,down,up,down,down
83.59999999999953,cellular_5g,0.0,0.0,0.5302875100870179,0.847808204599715,0.76582802911143,down,down,up,down,down
83.69999999999952,cellular_5g,0.0,0.0,0.5384898716581173,0.8141247942926716,0.7927582902150335,down,down,up,down,down
83.79999999999951,cellular_5g,0.0,0.0,0.5445600967746407,0.8236499876019341,0.8010852349460383,down,down,up,down,down
83.89999999999951,cellular_5g,0.0,0.0,0.5564571988643436,0.8516107709884925,0.7872124926399972,down,down,up,down,down
83.9999999999995,cellular_5g,0.0,0.0,0.5660627126978861,0.8457257681405532,0.7924866892947978,down,down,up,down,down
84.0999999999995,cellular_5g,0.0,0.0,0.5470836229844318,0.8179196801856814,0.7572294549075691,down,down,up,down,down
84.19999999999949,cellular_5g,0.0,0.0,0.5493716510635164,0.8245385685297684,0.8056421477393095,down,down,up,down,down
84.29999999999949,cellular_5g,0.0,0.0,0.4982923668726821,0.8348874360102542,0.8263662355528971,down,down,up,down,down
84.39999999999948,cellular_5g,0.0,0.0,0.5346160076326746,0.8560456533893603,0.8342079184297463,down,down,up,down,down
84.49999999999947,cellular_5g,0.0,0.0,0.5446980718684222,0.8587915183883633,0.7895799258434373,down,down,up,down,down
84.59999999999947,cellular_5g,0.0,0.0,0.5420667552618537,0.8258072273104217,0.7732908372275775,down,down,up,down,down
84.69999999999946,cellular_5g,0.0,0.0,0.5503025949000587,0.872475988961265,0.8296687503911685,down,down,up,down,down
84.79999999999946,cellular_5g,0.0,0.0,0.5369552315311591,0.8949704307572137,0.7994524400909395,down,down,up,down,down
84.89999999999945,cellular_5g,0.0,0.0,0.58163782009585,0.8418628056914024,0.802470769660038,down,down,up,down,down
84.99999999999945,cellular_5g,0.0,0.0,0.5551724120992049,0.8893118714672821,0.8171067276361486,down,down,up,down,down
85.09999999999944,cellular_5g,0.0,0.0,0.5231669921569554,0.7923205260450104,0.7775985043857421,down,down,up,down,down
85.19999999999943,cellular_5g,0.0,0.0,0.5165724543713739,0.8590995971618287,0.7802994145728328,down,down,up,down,down
85.29999999999943,cellular_5g,0.0,0.0,0.512376397033461,0.9134758655134634,0.812892344799763,down,down,up,down,down
85.39999999999942,cellular_5g,0.0,0.0,0.5275797283425147,0.8297218442092579,0.7952283613810616,down,down,up,down,down
85.49999999999942,cellular_5g,0.0,0.0,0.5583985474441212,0.887036083668375,0.8014259169291053,down,down,up,down,down
85.59999999999941,cellular_5g,0.0,0.0,0.4935170544613791,0.8427255227747829,0.8116151772367303,down,down,up,down,down
85.6999999999994,cellular_5g,0.0,0.0,0.537971351692139,0.841902630935224,0.803635314650814,down,down,up,down,down
85.7999999999994,cellular_5g,0.0,0.0,0.5534358115693385,0.8772408199726023,0.7807149174735054,down,down,up,down,down
85.8999999999994,cellular_5g,0.0,0.0,0.49957824486085173,0.8369602876219323,0.7793072030132178,down,down,up,down,down
85.99999999999939,cellular_5g,0.0,0.0,0.5234315425562142,0.8661880963297799,0.8064644958025493,down,down,up,down,down
86.09999999999938,cellular_5g,0.0,0.0,0.54970190665517,0.8914036392132876,0.8399328829368542,down,down,up,down,down
86.19999999999938,cellular_5g,0.0,0.0,0.5202991796924473,0.8525564342199813,0.7634099090795272,down,down,up,down,down
86.29999999999937,cellular_5g,0.0,0.0,0.5495036781877971,0.8271685995758423,0.8134413329524515,down,down,up,down,down
86.39999999999937,cellular_5g,0.0,0.0,0.5351395580724946,0.8675376021463147,0.7711454934786622,down,down,up,down,down
86.49999999999936,cellular_5g,0.0,0.0,0.46270353612632703,0.8408035462063816,0.808753193476726,down,down,up,down,down
86.59999999999935,cellular_5g,0.0,0.0,0.5011921922675845,0.8367706704407111,0.8044049768023607,down,down,up,down,down
86.69999999999935,cellular_5g,0.0,0.0,0.5157027250602573,0.8613325363876699,0.7808359685795158,down,down,up,down,down
86.79999999999934,cellular_5g,0.0,0.0,0.5180944874449844,0.8493748938885473,0.7972282344034112,down,down,up,down,down
86.89999999999934,cellular_5g,0.0,0.0,0.5189137607702693,0.8530893134052764,0.7996980321286375,down,down,up,down,down
86.99999999999933,cellular_5g,0.0,0.0,0.5049855329430543,0.8554267479598529,0.7963654478841068,down,down,up,down,down
87.09999999999933,cellular_5g,0.0,0.0,0.48464138941146473,0.8688905310308499,0.7592321846263222,down,down,up,down,down
87.19999999999932,cellular_5g,0.0,0.0,0.49908009409271614,0.8380909365543069,0.8162913230826693,down,down,up,down,down
87.29999999999932,cellular_5g,0.0,0.0,0.4990483987857536,0.8481501981765956,0.7941084962428582,down,down,up,down,down
87.39999999999931,cellular_5g,0.0,0.0,0.5161031208315103,0.8209077364041141,0.8312576669842879,down,down,up,down,down
87.4999999999993,cellular_5g,0.0,0.0,0.5252820867567629,0.8860404372117647,0.7887395536343084,down,down,up,down,down
87.5999999999993,cellular_5g,0.0,0.0,0.5404346711564552,0.8320708302908292,0.7875880535964346,down,down,up,down,down
87.69999999999929,cellular_5g,0.0,0.0,0.5436964860284302,0.8346424269576669,0.7763212191517893,down,down,up,down,down
87.79999999999929,cellular_5g,0.0,0.0,0.480543195252894,0.863285004035953,0.7886471130237039,down,down,up,down,down
87.89999999999928,cellular_5g,0.0,0.0,0.535656239389441,0.8700088512676761,0.8108684189265232,down,down,up,down,down
87.99999999999928,cellular_5g,0.0,0.0,0.523798282773441,0.8499217369358423,0.7887446704783225,down,down,up,down,down
88.09999999999927,cellular_5g,0.0,0.0,0.5578137820905641,0.8259992314351278,0.7961166901913959,down,down,up,down,down
88.19999999999926,cellular_5g,0.0,0.0,0.4978737106204417,0.8575813637364406,0.7901363143148424,down,down,up,down,down
88.29999999999926,cellular_5g,0.0,0.0,0.544090609489588,0.8330424575620132,0.801546046955129,down,down,up,down,down
88.39999999999925,cellular_5g,0.0,0.0,0.5358995338863184,0.8510272591311683,0.7889769215649343,down,down,up,down,down
88.49999999999925,cellular_5g,0.0,0.0,0.5481579561531142,0.8579169887061623,0.8064524897769768,down,down,up,down,down
88.59999999999924,cellular_5g,0.0,0.0,0.5327615748851425,0.8755895927466563,0.8016025807984153,down,down,up,down,down
88.69999999999924,cellular_5g,0.0,0.0,0.5532204589047808,0.8624390722822046,0.7987835297586646,down,down,up,down,down
88.79999999999923,cellular_5g,0.0,0.0,0.5291621611295363,0.8404545239910582,0.7822622771323857,down,down,up,down,down
88.89999999999922,cellular_5g,0.0,0.0,0.5779147067701399,0.8676318604186397,0.8258808169530387,down,down,up,down,down
88.99999999999922,cellular_5g,0.0,0.0,0.5597916157996562,0.8635771124095442,0.8011730645528766,down,down,up,down,down
89.09999999999921,cellular_5g,0.0,0.0,0.5701185085244751,0.8384926722873755,0.8240228776672148,down,down,up,down,down
89.1999999999992,cellular_5g,0.0,0.0,0.587442295557687,0.8364912459061618,0.7953701473855436,down,down,up,down,down
89.2999999999992,cellular_5g,0.0,0.0,0.5385363932350942,0.861670679908452,0.7396023061780711,down,down,up,down,down
89.3999999999992,cellular_5g,0.0,0.0,0.596457492669756,0.8322318002808387,0.8217030937640328,down,down,up,down,down
89.49999999999919,cellular_5g,0.0,0.0,0.6056242695275696,0.8161728593218358,0.8040405416240097,down,down,up,down,down
89.59999999999918,cellular_5g,0.0,0.0,0.5833796799278926,0.8872275419868141,0.7796798791377643,down,down,up,down,down
89.69999999999918,cellular_5g,0.0,0.0,0.5942950986741021,0.8329627379875806,0.8044254397018223,down,down,up,down,down
89.79999999999917,cellular_5g,0.0,0.0,0.5864939798906937,0.8611411687520235,0.7949952532156509,down,down,up,down,down
89.89999999999917,cellular_5g,0.0,0.0,0.5881924755350044,0.8607741483942136,0.7962848831810503,down,down,up,down,down
89.99999999999916,cellular_5g,0.0,0.0,0.6108145631894607,0.8566247779334343,0.8301632471121704,down,down,up,down,down
90.09999999999916,cellular_5g,0.0,0.0,0.6186852859781808,0.8449399666074947,0.8148914112752773,down,down,up,down,down
90.19999999999915,cellular_5g,0.0,0.0,0.6099841441737246,0.8176638772638098,0.785639906835872,down,down,up,down,down
90.29999999999914,cellular_5g,0.0,0.0,0.6004182747711039,0.8643814876912569,0.8140419617150085,down,down,up,down,down
90.39999999999914,cellular_5g,0.0,0.0,0.6051828044624634,0.8487454821386424,0.8034387022622929,down,down,up,down,down
90.49999999999913,cellular_5g,0.0,0.0,0.5756311619241569,0.8571758673682244,0.7944764530865259,down,down,up,down,down
90.59999999999913,cellular_5g,0.0,0.0,0.6371719972266786,0.8499119881683389,0.7891803928941356,down,down,up,down,down
90.69999999999912,cellular_5g,0.0,0.0,0.6104052349689075,0.8600336458665446,0.8288058890938985,down,down,up,down,down
90.79999999999912,cellular_5g,0.0,0.0,0.5878284390622887,0.8747564276370703,0.8073637023902457,down,down,up,down,down
90.89999999999911,cellular_5g,0.0,0.0,0.5849119979231381,0.8585675474984024,0.8051302177695243,down,down,up,down,down
90.9999999999991,cellular_5g,0.0,0.0,0.6008181957804379,0.8764443842853146,0.8225102771646069,down,down,up,down,down
91.0999999999991,cellular_5g,0.0,0.0,0.603881198754442,0.8675372137215073,0.7712906944481761,down,down,up,down,down
91.1999999999991,cellular_5g,0.0,0.0,0.6232070468201638,0.8647956640654562,0.7896668381466879,down,down,up,down,down
91.29999999999909,cellular_5g,0.0,0.0,0.66727107092322,0.8387045989525018,0.803182315561196,down,down,up,down,down
91.39999999999908,cellular_5g,0.0,0.0,0.5756449552237717,0.8364775752473191,0.8044054849362181,down,down,up,down,down
91.49999999999908,cellular_5g,0.0,0.0,0.5920337714150201,0.8375711554132257,0.7929440910891726,down,down,up,down,down
91.59999999999907,cellular_5g,0.0,0.0,0.576466729577879,0.8592843381810025,0.7788464571829616,down,down,up,down,down
91.69999999999906,cellular_5g,0.0,0.0,0.5778921137542496,0.8420247764488321,0.7896583949352346,down,down,up,down,down
91.79999999999906,cellular_5g,0.0,0.0,0.5541591364292552,0.8576707158902437,0.7996565875878664,down,down,up,down,down
91.89999999999905,cellular_5g,0.0,0.0,0.5994740011757631,0.8026535309902956,0.789060603049721,down,down,up,down,down
91.99999999999905,cellular_5g,0.0,0.0,0.5832484203525794,0.8543453084869633,0.8025994641678579,down,down,up,down,down
92.09999999999904,cellular_5g,0.0,0.0,0.60130807884983,0.8822458703174999,0.7827797710711034,down,down,up,down,down
92.19999999999904,cellular_5g,0.0,0.0,0.5886943075750938,0.8385092203405515,0.7860399540128656,down,down,up,down,down
92.29999999999903,cellular_5g,0.0,0.0,0.5973078621983499,0.8819346195344357,0.7980928177913681,down,down,up,down,down
92.39999999999903,cellular_5g,0.0,0.0,0.5867931827102779,0.8359695650192235,0.8112139626861998,down,down,up,down,down
92.49999999999902,cellular_5g,0.0,0.0,0.6401617627333863,0.8592008322701481,0.8105053103861424,down,down,up,down,down
92.59999999999901,cellular_5g,0.0,0.0,0.5831396126385343,0.8819295748687426,0.8247191785819423,down,down,up,down,down
92.69999999999901,cellular_5g,0.0,0.0,0.5901834726852297,0.8514437056432713,0.7994784186136763,down,down,up,down,down
92.799999999999,cellular_5g,0.0,0.0,0.5731501380832725,0.8723229234039924,0.7991544504544644,down,down,up,down,down
92.899999999999,cellular_5g,0.0,0.0,0.6161226413704546,0.8467526519673727,0.798360517229975,down,down,up,down,down
92.99999999999899,cellular_5g,0.0,0.0,0.5560462197296968,0.8608762099290387,0.7973971460326174,down,down,up,down,down
93.09999999999899,cellular_5g,0.0,0.0,0.5664187807305998,0.8926005953875965,0.7884637489064684,down,down,up,down,down
93.19999999999898,cellular_5g,0.0,0.0,0.6047898894200437,0.8053302365068501,0.7976646745379378,down,down,up,down,down
93.29999999999897,cellular_5g,0.0,0.0,0.5691969086055144,0.8698104110351398,0.7788445161236467,down,down,up,down,down
93.39999999999897,cellular_5g,0.0,0.0,0.5907723465108558,0.8567438358829657,0.7781528066191059,down,down,up,down,down
93.49999999999896,cellular_5g,0.0,0.0,0.5630152111528772,0.7900968053855348,0.7775307165190718,down,down,up,down,down
93.59999999999896,cellular_5g,0.0,0.0,0.5829075793519581,0.8550698431347686,0.7805668548569935,down,down,up,down,down
93.69999999999895,cellular_5g,0.0,0.0,0.5478690133845504,0.8486610202648397,0.8320607351848238,down,down,up,down,down
93.79999999999895,cellular_5g,0.0,0.0,0.5864902881626954,0.8655186715281505,0.7837593809966782,down,down,up,down,down
93.89999999999894,cellular_5g,0.0,0.0,0.5849634398193256,0.8289500112749596,0.8067155715693035,down,down,up,down,down
93.99999999999893,cellular_5g,0.0,0.0,0.5746843036735726,0.8333444292160302,0.7703072751692374,down,down,up,down,down
94.09999999999893,cellular_5g,0.0,0.0,0.5506549640331374,0.8602215686076462,0.8108194507595987,down,down,up,down,down
94.19999999999892,cellular_5g,0.0,0.0,0.5176257229720264,0.8725908331383082,0.8172061333100039,down,down,up,down,down
94.29999999999892,cellular_5g,0.0,0.0,0.5781114510149726,0.8416611747634843,0.7847059164067766,down,down,up,down,down
94.39999999999891,cellular_5g,0.0,0.0,0.5339527336334914,0.8439928296404787,0.8154384570905625,down,down,up,down,down
94.4999999999989,cellular_5g,0.0,0.0,0.5170408199564843,0.8198127534353361,0.8262855849041033,down,down,up,down,down
94.5999999999989,cellular_5g,0.0,0.0,0.5095631157756282,0.8476363673852824,0.8104878423079276,down,down,up,down,down
94.6999999999989,cellular_5g,0.0,0.0,0.5245904369951785,0.8393314737875944,0.7627104400789647,down,down,up,down,down
94.79999999999889,cellular_5g,0.0,0.0,0.5072698235001343,0.8498069462560215,0.8192259154022622,down,down,up,down,down
94.89999999999888,cellular_5g,0.0,0.0,0.4983497631197275,0.8424513231166142,0.7941674263863325,down,down,up,down,down
94.99999999999888,cellular_5g,0.0,0.0,0.5148698634067046,0.8862974747014324,0.794029127533678,down,down,up,down,down
95.09999999999887,cellular_5g,0.0,0.0,0.4996107317963015,0.879084525016351,0.7881350942819586,down,down,up,down,down
95.19999999999887,cellular_5g,0.0,0.0,0.45780408675940293,0.8544928861777683,0.7944789702131201,down,down,up,down,down
95.29999999999886,cellular_5g,0.0,0.0,0.46760618587249836,0.85526343376569,0.8024064201427507,down,down,up,down,down
95.39999999999885,cellular_5g,0.0,0.0,0.46710185863725456,0.8650148590264698,0.8010034447417963,down,down,up,down,down
95.49999999999885,cellular_5g,0.0,0.0,0.48239755314236193,0.8433733369104494,0.8060161926125334,down,down,up,down,down
95.59999999999884,cellular_5g,0.0,0.0,0.48251660488961934,0.8407334088514788,0.8120282927226302,down,down,up,down,down
95.69999999999884,cellular_5g,0.0,0.0,0.42841716141570485,0.8791399801267136,0.8120668440579307,down,down,up,down,down
95.79999999999883,cellular_5g,0.0,0.0,0.4525779014203755,0.8282342213706598,0.8130622209286461,down,down,up,down,down
95.89999999999883,cellular_5g,0.0,0.0,0.4527145295495336,0.8603524224826249,0.8188093880016817,down,down,up,down,down
95.99999999999882,cellular_5g,0.0,0.0,0.4188320730506291,0.8689498925543927,0.8053724642966777,down,down,up,down,down
96.09999999999881,cellular_5g,0.0,0.0,0.38239940006089485,0.8198464313336378,0.7892620777436915,down,down,up,down,down
96.19999999999881,cellular_5g,0.0,0.0,0.42730392907284087,0.8473484228201492,0.8020250044622145,down,down,up,attaching,down
96.2999999999988,cellular_5g,0.0,0.0,0.401761162417408,0.8506460120665316,0.7773261243841143,down,down,up,attaching,down
96.3999999999988,cellular_5g,0.0,0.0,0.4030684580560785,0.8681641893454553,0.8040082032224853,down,down,up,attaching,down
96.49999999999879,cellular_5g,0.0,0.0,0.38939309849862297,0.84400877628816,0.8073218477643153,down,down,up,attaching,down
96.59999999999879,cellular_5g,0.0,0.0,0.3825465082697124,0.8554562061123981,0.758341859838758,down,down,up,attaching,down
96.69999999999878,cellular_5g,0.0,0.0,0.38649211649595827,0.8005848127078158,0.7978893209466966,down,down,up,attaching,down
96.79999999999878,cellular_5g,0.0,0.0,0.37274078236971664,0.8526075363616328,0.7760085808132049,down,down,up,attaching,down
96.89999999999877,cellular_5g,0.0,0.0,0.33833701764282237,0.8785331004644407,0.799395626070657,down,down,up,attaching,down
96.99999999999876,cellular_5g,0.0,0.0,0.3854075938748619,0.8257819372911376,0.83455838439252,down,down,up,attaching,down
97.09999999999876,cellular_5g,0.0,0.0,0.36469813451194144,0.8483395648514114,0.7537866529461902,down,down,up,attaching,down
97.19999999999875,cellular_5g,0.0,0.0,0.3563113137409871,0.8263409262999363,0.8014934205100909,down,down,up,attaching,down
97.29999999999875,cellular_5g,0.0,0.0,0.32597075793983094,0.8563607935459908,0.7922299476325648,down,down,up,attaching,down
97.39999999999874,cellular_5g,0.0,0.0,0.33491029886793344,0.8503831369723599,0.7890913082080621,down,down,up,attaching,down
97.49999999999874,cellular_5g,0.0,0.0,0.36939851331944595,0.8600752207668408,0.8198024646077338,down,down,up,attaching,down
97.59999999999873,cellular_5g,0.0,0.0,0.2969129063442125,0.8277286985328747,0.8006739034633913,down,down,up,attaching,down
97.69999999999872,cellular_5g,0.0,0.0,0.357036935972873,0.8636052313709092,0.8174933185541996,down,down,up,up,down
97.79999999999872,cellular_5g,0.0,0.0,0.32908609301645414,0.8659024533062947,0.7906664416951931,down,down,up,up,down
97.89999999999871,cellular_5g,0.0,0.0,0.36010087684306086,0.8501281629843714,0.7614470781662745,down,down,up,up,down
97.9999999999987,cellular_5g,0.0,0.0,0.3414855677208507,0.8337086181905171,0.8018274819155826,down,down,up,up,down
98.0999999999987,cellular_5g,0.0,0.0,0.3659300754488467,0.886769119175518,0.7942395541733087,down,down,up,up,down
98.1999999999987,cellular_5g,0.0,0.0,0.35019531368962586,0.05,0.8219977262686751,down,down,up,up,down
98.29999999999869,cellular_5g,0.0,0.0,0.3180805867399144,0.8640146658445952,0.7914438191113851,down,down,up,up,down
98.39999999999868,cellular_5g,0.0,0.0,0.34348745895842714,0.8472984460544057,0.7895881016879305,down,down,up,up,down
98.49999999999868,cellular_5g,0.0,0.0,0.3770490256121326,0.813633443545293,0.7753288210335383,down,down,up,up,down
98.59999999999867,cellular_5g,0.0,0.0,0.29968951752930595,0.8742323992184644,0.8031380390918266,down,down,up,up,down
98.69999999999867,cellular_5g,0.0,0.0,0.3685051182025083,0.858757070908975,0.7638922772480439,down,down,up,up,down
98.79999999999866,cellular_5g,0.0,0.0,0.29746120761702344,0.8199866547481557,0.848375405062609,down,down,up,up,down
98.89999999999866,cellular_5g,0.0,0.0,0.338618714522909,0.8693635655141602,0.769992464109384,down,down,up,up,down
98.99999999999865,cellular_5g,0.0,0.0,0.3422405795057483,0.7954995347195248,0.8251273730319524,down,down,up,up,down
99.09999999999864,cellular_5g,0.0,0.0,0.3199548637571729,0.8246123411765337,0.773766893994493,down,down,up,up,down
99.19999999999864,cellular_5g,0.0,0.0,0.3201923774472297,0.8572204199256911,0.7892975185621636,down,down,up,up,down
99.29999999999863,cellular_5g,0.0,0.0,0.3356328876684853,0.8818844571479856,0.7715225267584487,down,down,up,up,down
99.39999999999863,cellular_5g,0.0,0.0,0.3284952502202171,0.8443925677501996,0.8161947076905556,down,down,up,up,down
99.49999999999862,cellular_5g,0.0,0.0,0.3497464550447802,0.84428569291088,0.793018731608604,down,down,up,up,down
99.59999999999862,cellular_5g,0.0,0.0,0.35274384611429754,0.8331762473245911,0.761018780011843,down,down,up,up,down
99.69999999999861,cellular_5g,0.0,0.0,0.3705029533163548,0.8654368198052951,0.7921888797038987,down,down,up,up,down
99.7999999999986,cellular_5g,0.0,0.0,0.31990466757987945,0.8553128746377539,0.7803976457802067,down,down,up,up,down
99.8999999999986,cellular_5g,0.0,0.0,0.3329919272992152,0.8243666723664932,0.7805068317801429,down,down,up,up,down
99.9999999999986,cellular_5g,0.0,0.0,0.35349562919041516,0.8086697582639096,0.8193406437543086,down,down,up,up,down
100.09999999999859,cellular_5g,0.0,0.0,0.34595702586230886,0.8562755611798589,0.8090674014872523,down,down,up,up,down
100.19999999999858,cellular_5g,0.0,0.0,0.3220507745342192,0.8389095922881408,0.8097468305872012,down,down,up,up,down
100.29999999999858,cellular_5g,0.0,0.0,0.35296666694583534,0.802476435783266,0.769073156711143,down,down,up,up,down
100.39999999999857,cellular_5g,0.0,0.0,0.3274278654508885,0.8219157011744672,0.809418829936886,down,down,up,up,down
100.49999999999856,cellular_5g,0.0,0.0,0.36538858909186844,0.8325603646320535,0.8153368016578825,down,down,up,up,down
100.59999999999856,cellular_5g,0.0,0.0,0.34841049912448796,0.8476491295408245,0.8075007695822853,down,down,up,up,down
100.69999999999855,cellular_5g,0.0,0.0,0.3283526208087409,0.8689284057862623,0.8274290827763706,down,down,up,up,down
100.79999999999855,cellular_5g,0.0,0.0,0.3690982612219338,0.8639600355340757,0.8090816583138932,down,down,up,up,down
100.89999999999854,cellular_5g,0.0,0.0,0.3565951779037647,0.8385377232505605,0.8335673020377025,down,down,up,up,down
100.99999999999854,cellular_5g,0.0,0.0,0.3808033178115741,0.8462673872202968,0.7937787268524771,down,down,up,up,down
101.09999999999853,cellular_5g,0.0,0.0,0.3875778966943315,0.8292184036223286,0.8433832318981984,down,down,up,up,down
101.19999999999852,cellular_5g,0.0,0.0,0.3294780822557689,0.8588480261016823,0.8121432907173333,down,down,up,up,down
101.29999999999852,cellular_5g,0.0,0.0,0.38295003190923665,0.8455145357042612,0.7816669826113114,down,down,up,up,down
101.39999999999851,cellular_5g,0.0,0.0,0.40376582262453214,0.8733215926602081,0.7917304961228279,down,down,up,up,down
101.49999999999851,cellular_5g,0.0,0.0,0.4373619778337911,0.8551246174187641,0.7744862137929325,down,down,up,up,down
101.5999999999985,cellular_5g,0.0,0.0,0.43463178453543294,0.8364307602387776,0.8000607834579867,down,down,up,up,down
101.6999999999985,cellular_5g,0.0,0.0,0.3931501912280606,0.8565573415249776,0.8047383071171734,down,down,up,up,down
101.79999999999849,cellular_5g,0.0,0.0,0.4441497014963349,0.8596371209659946,0.8020117912615705,down,down,up,up,down
101.89999999999849,cellular_5g,0.0,0.0,0.44058752002992974,0.8263689237167791,0.790343246446428,down,down,up,up,down
101.99999999999848,cellular_5g,0.0,0.0,0.44610119016288136,0.8732317200738772,0.7783870556857632,down,down,up,up,down
102.09999999999847,cellular_5g,0.0,0.0,0.4835281952799198,0.8419801412487272,0.8001704410638644,down,down,up,up,down
102.19999999999847,cellular_5g,0.0,0.0,0.4261125687190517,0.8690832581022953,0.8282357603549105,down,down,up,up,down
102.29999999999846,cellular_5g,0.0,0.0,0.4244121960617744,0.8705958871055794,0.825300617812463,down,down,up,up,down
102.39999999999846,cellular_5g,0.0,0.0,0.44446164951781014,0.8623226016450437,0.8164955039825618,down,down,up,up,down
102.49999999999845,cellular_5g,0.0,0.0,0.4418775998988218,0.8880705065953419,0.8197891550182782,down,down,up,up,down
102.59999999999845,cellular_5g,0.0,0.0,0.4636032512403622,0.8582063377066504,0.7666476335729746,down,down,up,up,down
102.69999999999844,cellular_5g,0.0,0.0,0.4395313775932587,0.8387108007960715,0.8119607355250658,down,down,up,up,down
102.79999999999843,cellular_5g,0.0,0.0,0.4466515318603382,0.8501533958866329,0.8052111975955855,down,down,up,up,down
102.89999999999843,cellular_5g,0.0,0.0,0.4885775445460521,0.855387265096931,0.8107414768813517,down,down,up,up,down
102.99999999999842,cellular_5g,0.0,0.0,0.46366129134895545,0.8475563505851528,0.8162211431195924,down,down,up,up,down
103.09999999999842,cellular_5g,0.0,0.0,0.404754956987812,0.8520738267457978,0.8139451062719743,down,down,up,up,down
103.19999999999841,cellular_5g,0.0,0.0,0.4241870181829029,0.846086154702626,0.802373205582498,down,down,up,up,down
103.2999999999984,cellular_5g,0.0,0.0,0.4564394547009465,0.8690569761090263,0.8028833080110545,down,down,up,up,down
103.3999999999984,cellular_5g,0.0,0.0,0.481606199820273,0.8500670934851338,0.7786112584180622,down,down,up,up,down
103.4999999999984,cellular_5g,0.0,0.0,0.44470956921931587,0.8370828106091921,0.8207488535707951,down,down,up,up,down
103.59999999999839,cellular_5g,0.0,0.0,0.4420059685569035,0.821821807194145,0.7716893603896082,down,down,up,up,down
103.69999999999838,cellular_5g,0.0,0.0,0.42133216984772615,0.8365891455807435,0.7944191745375784,down,down,up,up,down
103.79999999999838,cellular_5g,0.0,0.0,0.4504944104173228,0.8479969032801479,0.8047403236948466,down,down,up,up,down
103.89999999999837,cellular_5g,0.0,0.0,0.48737249074074723,0.8455048420688,0.8041969353132227,down,down,up,up,down
103.99999999999837,cellular_5g,0.0,0.0,0.46316580583375866,0.8629167895539556,0.829226016947449,down,down,up,up,down
104.09999999999836,cellular_5g,0.0,0.0,0.45970993281639605,0.8870245445777121,0.7933833735475082,down,down,up,up,down
104.19999999999835,cellular_5g,0.0,0.0,0.4587509261615287,0.8411641072653957,0.8103551771568991,down,down,up,up,down
104.29999999999835,cellular_5g,0.0,0.0,0.4423895711422912,0.8615338356266871,0.8366846280108672,down,down,up,up,down
104.39999999999834,cellular_5g,0.0,0.0,0.4784989308598961,0.8361305522516238,0.8070490528210402,down,down,up,up,down
104.49999999999834,cellular_5g,0.0,0.0,0.4480115079237825,0.8355069659195519,0.8281907875337682,down,down,up,up,down
104.59999999999833,cellular_5g,0.0,0.0,0.44580851489555273,0.8434106249986146,0.8195376592076516,down,down,up,up,down
104.69999999999833,cellular_5g,0.0,0.0,0.46877415571770487,0.8314373679214967,0.7814788008677943,down,down,up,up,down
104.79999999999832,cellular_5g,0.0,0.0,0.48639219852050103,0.8667062941004264,0.8240103010435391,down,down,up,up,down
104.89999999999831,cellular_5g,0.0,0.0,0.41047308562567847,0.8629320453599302,0.8049236804166174,down,down,up,up,down
104.99999999999831,cellular_5g,0.0,0.0,0.4635152340299251,0.8251248420929856,0.8149047121768861,down,down,up,up,down
105.0999999999983,cellular_5g,0.0,0.0,0.45342409789600824,0.8515602018041702,0.8233756531266666,down,down,up,up,down
105.1999999999983,cellular_5g,0.0,0.0,0.4417375782053026,0.8696958287702556,0.8045853536009525,down,down,up,up,down
105.29999999999829,cellular_5g,0.0,0.0,0.4388704235348314,0.8764469213636229,0.8105174339206973,down,down,up,up,down
105.39999999999829,cellular_5g,0.0,0.0,0.45511486351652025,0.8484301732868774,0.7769120179324052,down,down,up,up,down
105.49999999999828,cellular_5g,0.0,0.0,0.43521182543905096,0.8420861230462217,0.8119194523703145,down,down,up,up,down
105.59999999999827,cellular_5g,0.0,0.0,0.406111815628349,0.8451744691608989,0.7955134576497702,down,down,up,up,down
105.69999999999827,cellular_5g,0.0,0.0,0.4225939191060831,0.850698138937269,0.776695584488926,down,down,up,up,down
105.79999999999826,cellular_5g,0.0,0.0,0.44719076044619216,0.8357929136684303,0.8270927146457461,down,down,up,up,down
105.89999999999826,cellular_5g,0.0,0.0,0.47172525980114416,0.8397766789945471,0.8141504158439853,down,down,up,up,down
105.99999999999825,cellular_5g,0.0,0.0,0.40525900500176903,0.8397991665128959,0.8101709244795476,down,down,up,up,down
106.09999999999825,cellular_5g,0.0,0.0,0.42758347646309064,0.847662342576931,0.8171933300124303,down,down,up,up,down
106.19999999999824,cellular_5g,0.0,0.0,0.4474605294091339,0.8458552829619449,0.7981916648612415,down,down,up,up,down
106.29999999999824,cellular_5g,0.0,0.0,0.4546353177677983,0.8450734437689519,0.814904162201706,down,down,up,up,down
106.39999999999823,cellular_5g,0.0,0.0,0.4673281290080138,0.8669513294430521,0.783865689781239,down,down,up,up,down
106.49999999999822,cellular_5g,0.0,0.0,0.47206780899007017,0.844370341679468,0.777740557545076,down,down,up,up,down
106.59999999999822,cellular_5g,0.0,0.0,0.4507443389248272,0.8363278106783878,0.8242851068916168,down,down,up,up,down
106.69999999999821,cellular_5g,0.0,0.0,0.48092207663610453,0.8280741246202681,0.815735288351138,down,down,up,up,down
106.7999999999982,cellular_5g,0.0,0.0,0.4695907962811032,0.8388304691564487,0.8073400756218847,down,down,up,up,down
106.8999999999982,cellular_5g,0.0,0.0,0.5011483402298558,0.821239778519748,0.819734665698952,down,down,up,up,down
106.9999999999982,cellular_5g,0.0,0.0,0.47801045901294315,0.7961808268791791,0.8033883358020584,down,down,up,up,down
107.09999999999819,cellular_5g,0.0,0.0,0.4696045280538118,0.8766473988447393,0.7940137222306268,down,down,up,up,down
107.19999999999818,cellular_5g,0.0,0.0,0.47616486220029997,0.8444927477929054,0.7710041721260912,down,down,up,up,down
107.29999999999818,cellular_5g,0.0,0.0,0.5167562907808789,0.8527743460033221,0.7824898810629417,down,down,up,up,down
107.39999999999817,cellular_5g,0.0,0.0,0.5020177989852366,0.8297710828273576,0.8011066757741158,down,down,up,up,down
107.49999999999817,cellular_5g,0.0,0.0,0.480738346600657,0.8627382751708711,0.8457660471201575,down,down,up,up,down
107.59999999999816,cellular_5g,0.0,0.0,0.5184962786923467,0.8401458113125189,0.78599477294042,down,down,up,up,down
107.69999999999816,cellular_5g,0.0,0.0,0.4672838650197815,0.8876457690837084,0.8179974427844684,down,down,up,up,down
107.79999999999815,cellular_5g,0.0,0.0,0.5167740201913409,0.849972317348835,0.7868306290311444,down,down,up,up,down
107.89999999999814,cellular_5g,0.0,0.0,0.5098903661069935,0.8445206584244213,0.8336864265341482,down,down,up,up,down
107.99999999999814,cellular_5g,0.0,0.0,0.5628991587621007,0.8232914014658879,0.7845931810383043,down,down,up,up,down
108.09999999999813,cellular_5g,0.0,0.0,0.5614301219990818,0.8647494689027682,0.8106540687903475,down,down,up,down,down
108.19999999999813,cellular_5g,0.0,0.0,0.5492981876737534,0.8398474727624653,0.7834138829352596,down,down,up,down,down
108.29999999999812,cellular_5g,0.0,0.0,0.5656736879393014,0.8667961383436501,0.815469927625599,down,down,up,down,down
108.39999999999812,cellular_5g,0.0,0.0,0.6269736642418559,0.869281509445589,0.8024754103247784,down,down,up,down,down
108.49999999999811,cellular_5g,0.0,0.0,0.5746040125940869,0.817625366562394,0.7666111899142111,down,down,up,down,down
108.5999999999981,cellular_5g,0.0,0.0,0.6085817118008976,0.8227375728837256,0.7541888622577064,down,down,up,down,down
108.6999999999981,cellular_5g,0.0,0.0,0.6440121663679483,0.8375552305507449,0.7918066721971858,down,down,up,down,down
108.7999999999981,cellular_5g,0.0,0.0,0.6139291115268668,0.8664556785312398,0.8076214011034142,down,down,up,down,down
108.89999999999809,cellular_5g,0.0,0.0,0.5994581339477674,0.8478320061364994,0.8112873098020921,down,down,up,down,down
108.99999999999808,cellular_5g,0.0,0.0,0.6518772598918733,0.8624653762925935,0.7583611128483542,down,down,up,down,down
109.09999999999808,cellular_5g,0.0,0.0,0.662684980811012,0.8649869870384757,0.7962903211623894,down,down,up,down,down
109.19999999999807,cellular_5g,0.0,0.0,0.6361683281235457,0.85842992690027,0.7934520104123721,down,down,up,down,down
109.29999999999806,cellular_5g,0.0,0.0,0.6514447495901544,0.8544301355809188,0.7747277593943851,down,down,up,down,down
109.39999999999806,cellular_5g,0.0,0.0,0.6982293396300833,0.8429046452590714,0.7581392863269816,down,down,up,down,down
109.49999999999805,cellular_5g,0.0,0.0,0.6433357578127457,0.8685528248843861,0.7941148311139787,down,down,up,down,down
109.59999999999805,cellular_5g,0.0,0.0,0.6972006543524557,0.8256632477152506,0.7715207805097315,down,down,up,down,down
109.69999999999804,cellular_5g,0.0,0.0,0.5976536032642568,0.8499408277881231,0.8252767599382863,down,down,up,down,down
109.79999999999804,cellular_5g,0.0,0.0,0.5866580639580996,0.8498853464855847,0.8262532989390757,down,down,up,down,down
109.89999999999803,cellular_5g,0.0,0.0,0.5868108387393545,0.8565883801608181,0.765408608849105,down,down,up,down,down
109.99999999999802,cellular_5g,0.0,0.0,0.5563359329884651,0.8978402175271724,0.8010413363719567,down,down,up,down,down
110.09999999999802,cellular_5g,0.0,0.0,0.5466165049630873,0.8597360317552876,0.811032385925368,down,down,up,down,down
110.19999999999801,cellular_5g,0.0,0.0,0.49159629738453675,0.8060320168185311,0.8091338372771621,down,down,up,down,down
110.29999999999801,cellular_5g,0.0,0.0,0.5072663051887784,0.8595076365725931,0.8058889029701108,down,down,up,down,down
110.399999999998,cellular_5g,0.0,0.0,0.45449197941316016,0.8350962980895362,0.7877456713997678,down,down,up,down,down
110.499999999998,cellular_5g,0.0,0.0,0.46322655085980896,0.82747576026911,0.8027036101776656,down,down,up,down,down
110.59999999999799,cellular_5g,0.0,0.0,0.41744056859576206,0.8486891355624187,0.823981972635306,down,down,up,attaching,down
110.69999999999798,cellular_5g,0.0,0.0,0.4103656657314147,0.8659695055482026,0.7854301182968197,down,down,up,attaching,down
110.79999999999798,cellular_5g,0.0,0.0,0.39092099371288697,0.8487977812715204,0.8077885236271277,down,down,up,attaching,down
110.89999999999797,cellular_5g,0.0,0.0,0.37362481454509433,0.8509242203738778,0.8011001051358139,down,down,up,attaching,down
110.99999999999797,cellular_5g,0.0,0.0,0.3234092959999751,0.8319242575876317,0.7980279107922608,down,down,up,attaching,down
111.09999999999796,cellular_5g,0.0,0.0,0.35625730141104756,0.8115641938605394,0.8001970042614214,down,down,up,attaching,down
111.19999999999796,cellular_5g,0.0,0.0,0.3221219843989314,0.8230718836470816,0.7985394312428188,down,down,up,attaching,down
111.29999999999795,cellular_5g,0.0,0.0,0.29426227990415954,0.8270765979281212,0.7949514832257093,down,down,up,attaching,down
111.39999999999795,cellular_5g,0.0,0.0,0.33639310347048934,0.8696525137051917,0.8005465853357792,down,down,up,attaching,down
111.49999999999794,cellular_5g,0.0,0.0,0.30372596760216025,0.8383132628437292,0.8091539737425524,down,down,up,attaching,down
111.59999999999793,cellular_5g,0.0,0.0,0.35634494456398924,0.8625824239970454,0.7860533474218767,down,down,up,attaching,down
111.69999999999793,cellular_5g,0.0,0.0,0.3399184281643929,0.8396139834149873,0.817542014169843,down,down,up,attaching,down
111.79999999999792,cellular_5g,0.0,0.0,0.3295550229600568,0.8699393320898542,0.7812791680270789,down,down,up,attaching,down
111.89999999999792,cellular_5g,0.0,0.0,0.40975513214041825,0.798387279041784,0.8205066833874949,down,down,up,attaching,down
111.99999999999791,cellular_5g,0.0,0.0,0.3862181299189521,0.8339911249199256,0.8052813228439996,down,down,up,attaching,down
112.0999999999979,cellular_5g,0.0,0.0,0.404956049873675,0.8535766552936465,0.7610950254297915,down,down,up,up,down
112.1999999999979,cellular_5g,0.0,0.0,0.41567515759340606,0.8671200052867061,0.7819910690712369,down,down,up,up,down
112.2999999999979,cellular_5g,0.0,0.0,0.40075982251490133,0.8581490700116481,0.7977758891686819,down,down,up,up,down
112.39999999999789,cellular_5g,0.0,0.0,0.4089915859143062,0.8503795339885319,0.8004390376996946,down,down,up,up,down
112.49999999999788,cellular_5g,0.0,0.0,0.46195251165050905,0.84491369307523,0.8013661402563166,down,down,up,up,down
112.59999999999788,cellular_5g,0.0,0.0,0.4812593969099228,0.873447422019947,0.7683324658797055,down,down,up,up,down
112.69999999999787,cellular_5g,0.0,0.0,0.44261384974645407,0.8104707428026983,0.823432036881595,down,down,up,up,down
112.79999999999787,cellular_5g,0.0,0.0,0.45725030342284556,0.8396656127198867,0.7834529269524579,down,down,up,up,down
112.89999999999786,cellular_5g,0.0,0.0,0.4715975737378349,0.8506865199200558,0.7975500068413689,down,down,up,up,down
112.99999999999785,cellular_5g,0.0,0.0,0.42945198862514017,0.8253294164813118,0.8098474327291697,down,down,up,up,down
113.09999999999785,cellular_5g,0.0,0.0,0.4609842787253373,0.877791598406397,0.7977234576107501,down,down,up,up,down
113.19999999999784,cellular_5g,0.0,0.0,0.46865621265936935,0.05,0.810109183537544,down,down,up,up,down
113.29999999999784,cellular_5g,0.0,0.0,0.46704755440656753,0.860129268922786,0.7465776224831099,down,down,up,up,down
113.39999999999783,cellular_5g,0.0,0.0,0.4868841211594491,0.8712934437486851,0.8260814103563574,down,down,up,up,down
113.49999999999783,cellular_5g,0.0,0.0,0.4395557919039288,0.8551913448382582,0.7556768272369536,down,down,up,up,down
113.59999999999782,cellular_5g,0.0,0.0,0.4838906635015491,0.8576506388605314,0.8003045683720407,down,down,up,up,down
113.69999999999781,cellular_5g,0.0,0.0,0.4849357231358852,0.8488360654611827,0.8045030677907726,down,down,up,up,down
113.79999999999781,cellular_5g,0.0,0.0,0.48090960303051133,0.8592189776394397,0.8182711961196549,down,down,up,up,down
113.8999999999978,cellular_5g,0.0,0.0,0.4834763335970541,0.8262079551214081,0.7653725262930015,down,down,up,up,down
113.9999999999978,cellular_5g,0.0,0.0,0.5171905800321696,0.8360226941841397,0.8193162649865076,down,down,up,up,down
114.09999999999779,cellular_5g,0.0,0.0,0.4760371484458767,0.8403616288188247,0.7978885609499488,down,down,up,up,down
114.19999999999779,cellular_5g,0.0,0.0,0.4914869039573452,0.843694091210826,0.7885638021488366,down,down,up,up,down
114.29999999999778,cellular_5g,0.0,0.0,0.4815727045576736,0.8772311785784422,0.7895475823693152,down,down,up,up,down
114.39999999999777,cellular_5g,0.0,0.0,0.4994600087289251,0.8735272427472457,0.7990427748649916,down,down,up,up,down
114.49999999999777,cellular_5g,0.0,0.0,0.5040547318768686,0.8483107501832364,0.8362990260965341,down,down,up,up,down
114.59999999999776,cellular_5g,0.0,0.0,0.47150755177938664,0.8121743539005393,0.7997003978341991,down,down,up,up,down
114.69999999999776,cellular_5g,0.0,0.0,0.4574939941906996,0.83642183044714,0.7738380080824931,down,down,up,up,down
114.79999999999775,cellular_5g,0.0,0.0,0.5074105559745448,0.8978991231865238,0.8192008334845604,down,down,up,up,down
114.89999999999775,cellular_5g,0.0,0.0,0.46490210649059777,0.8311164017358075,0.7907959931337926,down,down,up,up,down
114.99999999999774,cellular_5g,0.0,0.0,0.49696439265883013,0.8513108197286102,0.8075047754472774,down,down,up,up,down
115.09999999999773,cellular_5g,0.0,0.0,0.49172659910058086,0.8346874117972658,0.755155639612763,down,down,up,up,down
115.19999999999773,cellular_5g,0.0,0.0,0.48223573293469113,0.8801050379589702,0.8091812903808467,down,down,up,up,down
115.29999999999772,cellular_5g,0.0,0.0,0.5298507850424863,0.8889729846751192,0.813579895432568,down,down,up,up,down
115.39999999999772,cellular_5g,0.0,0.0,0.5082279201678247,0.8530522940605786,0.8170934773220878,down,down,up,up,down
115.49999999999771,cellular_5g,0.0,0.0,0.5018033686052573,0.852514636029626,0.8357622025947048,down,down,up,up,down
115.5999999999977,cellular_5g,0.0,0.0,0.49382247186660805,0.867688523303078,0.7732478082612706,down,down,up,up,down
115.6999999999977,cellular_5g,0.0,0.0,0.511430625417901,0.8294061893675639,0.8160384449568078,down,down,up,up,down
115.7999999999977,cellular_5g,0.0,0.0,0.5022932509711592,0.8563936090901845,0.819407932227265,down,down,up,up,down
115.89999999999769,cellular_5g,0.0,0.0,0.5192423428720168,0.8499600545101529,0.7907489117955727,down,down,up,up,down
115.99999999999768,cellular_5g,0.0,0.0,0.533546191848165,0.8475121772238182,0.7477941961166111,down,down,up,up,down
116.09999999999768,cellular_5g,0.0,0.0,0.5271993449623846,0.8764337057835739,0.8010707880263738,down,down,up,up,down
116.19999999999767,cellular_5g,0.0,0.0,0.5073759224133749,0.842890117260721,0.818579323919093,down,down,up,up,down
116.29999999999767,cellular_5g,0.0,0.0,0.529089289195746,0.8937136589233929,0.8154444233984938,down,down,up,up,down
116.39999999999766,cellular_5g,0.0,0.0,0.5344001378796722,0.8524454609342152,0.820713544417217,down,down,up,up,down
116.49999999999766,cellular_5g,0.0,0.0,0.4792024370065204,0.8407791324091147,0.8560966693359235,down,down,up,up,down
116.59999999999765,cellular_5g,0.0,0.0,0.5032672165703391,0.8405345439665766,0.8071400152642831,down,down,up,up,down
116.69999999999764,cellular_5g,0.0,0.0,0.4998680325409089,0.8373079841105348,0.792690836740827,down,down,up,up,down
116.79999999999764,cellular_5g,0.0,0.0,0.504474805854883,0.8554490910734813,0.7744890168383484,down,down,up,up,down
116.89999999999763,cellular_5g,0.0,0.0,0.5153152701003336,0.8444250047407013,0.8276380045341638,down,down,up,up,down
116.99999999999763,cellular_5g,0.0,0.0,0.4857848024425843,0.8452384927497505,0.8207434163529597,down,down,up,up,down
117.09999999999762,cellular_5g,0.0,0.0,0.5062164112624731,0.8669115190932745,0.7736906321736752,down,down,up,up,down
117.19999999999762,cellular_5g,0.0,0.0,0.4209365160616707,0.8453873213844396,0.8171900533388577,down,down,up,up,down
117.29999999999761,cellular_5g,0.0,0.0,0.4702741787500369,0.8489482826854079,0.8163479883022555,down,down,up,up,down
117.3999999999976,cellular_5g,0.0,0.0,0.4780172682639198,0.821894114056447,0.8464822704806435,down,down,up,up,down
117.4999999999976,cellular_5g,0.0,0.0,0.4861387986649589,0.8500695797073435,0.8219554391011344,down,down,up,up,down
117.59999999999759,cellular_5g,0.0,0.0,0.49864101372886865,0.8810730878227586,0.790141393166014,down,down,up,up,down
117.69999999999759,cellular_5g,0.0,0.0,0.44339819680255715,0.845793138211781,0.7756103138133308,down,down,up,up,down
117.79999999999758,cellular_5g,0.0,0.0,0.47446907068787114,0.8601419067926696,0.7899381100203919,down,down,up,up,down
117.89999999999758,cellular_5g,0.0,0.0,0.47530335311447286,0.8583790320517984,0.7921936972087951,down,down,up,up,down
117.99999999999757,cellular_5g,0.0,0.0,0.4740304130212803,0.8521407699715726,0.7758452962285226,down,down,up,up,down
118.09999999999756,cellular_5g,0.0,0.0,0.43756354997413327,0.8565458499808073,0.8105995956767815,down,down,up,up,down
118.19999999999756,cellular_5g,0.0,0.0,0.44880858893999287,0.8614730910299846,0.8089904886954425,down,down,up,up,down
118.29999999999755,cellular_5g,0.0,0.0,0.41882148616940357,0.8482212480408655,0.812970545885317,down,down,up,up,down
118.39999999999755,cellular_5g,0.0,0.0,0.4404723046656565,0.8826190638776542,0.8142324072075761,down,down,up,up,down
118.49999999999754,cellular_5g,0.0,0.0,0.446130084092583,0.8675288780017504,0.7932318044426863,down,down,up,up,down
118.59999999999754,cellular_5g,0.0,0.0,0.4362874981003469,0.8716965258776533,0.763957643129094,down,down,up,up,down
118.69999999999753,cellular_5g,0.0,0.0,0.43789038352949744,0.8664611156537252,0.7947338945243695,down,down,up,up,down
118.79999999999752,cellular_5g,0.0,0.0,0.43088319267047237,0.8513033832308287,0.8183117537634053,down,down,up,up,down
118.89999999999752,cellular_5g,0.0,0.0,0.42019917797196343,0.8812573583363602,0.8160265667182177,down,down,up,up,down
118.99999999999751,cellular_5g,0.0,0.0,0.4559350642545292,0.8732561060412385,0.8094619597270829,down,down,up,up,down
119.09999999999751,cellular_5g,0.0,0.0,0.4783284038473872,0.8241898068594301,0.826191950366395,down,down,up,up,down
119.1999999999975,cellular_5g,0.0,0.0,0.4431576384301644,0.8295624707904152,0.822295661052975,down,down,up,up,down
119.2999999999975,cellular_5g,0.0,0.0,0.42139631258884236,0.8680316730524861,0.8205478403595896,down,down,up,up,down
119.39999999999749,cellular_5g,0.0,0.0,0.4404964218124354,0.8420381104517594,0.7917726672287934,down,down,up,up,down
119.49999999999748,cellular_5g,0.0,0.0,0.44053009007767685,0.8221988749949163,0.8358392478149113,down,down,up,up,down
119.59999999999748,cellular_5g,0.0,0.0,0.4493432489342263,0.8248891548037517,0.7868324042551347,down,down,up,up,down
119.69999999999747,cellular_5g,0.0,0.0,0.4422009505480432,0.8324449953293002,0.7961856948685563,down,down,up,up,down
119.79999999999747,cellular_5g,0.0,0.0,0.42994431901791047,0.8476899725523152,0.8205295477610343,down,down,up,up,down
119.89999999999746,cellular_5g,0.0,0.0,0.42737248812546197,0.86605302616774,0.7937771109692378,down,down,up,up,down
119.99999999999746,cellular_5g,0.0,0.0,0.4103049560919007,0.8631198240232663,0.8121272465458566,down,down,up,up,down
120.09999999999745,cellular_5g,0.0,0.0,0.4398394176831579,0.8236697964180159,0.7829665547322888,down,down,up,up,down
120.19999999999744,cellular_5g,0.0,0.0,0.44716107502073416,0.847448125730062,0.8413352138650974,down,down,up,up,down
120.29999999999744,cellular_5g,0.0,0.0,0.4301715021752352,0.8457153030972981,0.787311139356213,down,down,up,up,down
120.39999999999743,cellular_5g,0.0,0.0,0.42609998517626535,0.8396450594107666,0.7640471306715189,down,down,up,up,down
120.49999999999743,cellular_5g,0.0,0.0,0.4650763397601071,0.8491718463432931,0.7997647679086477,down,down,up,up,down
120.59999999999742,cellular_5g,0.0,0.0,0.48853963217709095,0.8368882125824781,0.8153424289613914,down,down,up,up,down
120.69999999999742,cellular_5g,0.0,0.0,0.4447245668548698,0.8807413554373332,0.7403170823436509,down,down,up,up,down
120.79999999999741,cellular_5g,0.0,0.0,0.5021123403631904,0.8460456071714018,0.8134947911942912,down,down,up,up,down
120.8999999999974,cellular_5g,0.0,0.0,0.45778736698910877,0.8482082296722304,0.780021548271395,down,down,up,up,down
120.9999999999974,cellular_5g,0.0,0.0,0.4653972464876898,0.8137234854574562,0.7976727211544681,down,down,up,up,down
121.0999999999974,cellular_5g,0.0,0.0,0.482300341615385,0.8548982966088163,0.8296844352418068,down,down,up,up,down
121.19999999999739,cellular_5g,0.0,0.0,0.47992782158050207,0.8895088016862406,0.7922973231760684,down,down,up,up,down
121.29999999999738,cellular_5g,0.0,0.0,0.485990924513915,0.8220196494663697,0.8070188487473094,down,down,up,up,down
121.39999999999738,cellular_5g,0.0,0.0,0.46798085150737534,0.8639240582168137,0.7571441065974028,down,down,up,up,down
121.49999999999737,cellular_5g,0.0,0.0,0.5142706002656885,0.8485010342021613,0.8154474516659793,down,down,up,up,down
121.59999999999737,cellular_5g,0.0,0.0,0.48962218311586125,0.8643870971482315,0.8073052165878607,down,down,up,up,down
121.69999999999736,cellular_5g,0.0,0.0,0.5296485405370618,0.8634685572341081,0.7986195510158758,down,down,up,up,down
121.79999999999735,cellular_5g,0.0,0.0,0.5134569283556144,0.8512563877489666,0.8129590676867163,down,down,up,up,down
121.89999999999735,cellular_5g,0.0,0.0,0.5342720351151433,0.8453592935474958,0.8026297356589218,down,down,up,up,down
121.99999999999734,cellular_5g,0.0,0.0,0.5704923584727536,0.863606289020068,0.825960710376164,down,down,up,up,down
122.09999999999734,cellular_5g,0.0,0.0,0.5191242178462335,0.8614812525226568,0.8091126898816348,down,down,up,down,down
122.19999999999733,cellular_5g,0.0,0.0,0.5656330631954171,0.8585296468863258,0.7807897197848745,down,down,up,down,down
122.29999999999733,cellular_5g,0.0,0.0,0.48920811591391894,0.8956324172760535,0.78537036922429,down,down,up,down,down
122.39999999999732,cellular_5g,0.0,0.0,0.4614162371702051,0.8727697727336278,0.8273328672053748,down,down,up,down,down
122.49999999999731,cellular_5g,0.0,0.0,0.47498863280415604,0.8226831901163543,0.7650009747718196,down,down,up,down,down
122.59999999999731,cellular_5g,0.0,0.0,0.4991349067380247,0.8510234089004788,0.7965020502606592,down,down,up,down,down
122.6999999999973,cellular_5g,0.0,0.0,0.4904273166027178,0.8648425251003449,0.8070563793297983,down,down,up,down,down
122.7999999999973,cellular_5g,0.0,0.0,0.47351072832893093,0.8718519952769289,0.8341105380533301,down,down,up,down,down
122.89999999999729,cellular_5g,0.0,0.0,0.514434247911563,0.8824452135273105,0.7843524409974031,down,down,up,down,down
122.99999999999729,cellular_5g,0.0,0.0,0.4432635912752872,0.8452328998314551,0.8010228631990349,down,down,up,down,down
123.09999999999728,cellular_5g,0.0,0.0,0.480089465505298,0.8412504376491289,0.8121914734332323,down,down,up,down,down
123.19999999999727,cellular_5g,0.0,0.0,0.49533306965583423,0.8354900734361319,0.7996727500551175,down,down,up,down,down
123.29999999999727,cellular_5g,0.0,0.0,0.46889960030093536,0.8602478747157456,0.8424884012054299,down,down,up,down,down
123.39999999999726,cellular_5g,0.0,0.0,0.4404191451029601,0.8101178806172605,0.8085265565386398,down,down,up,down,down
123.49999999999726,cellular_5g,0.0,0.0,0.4514031748912052,0.877339918311539,0.7916711474569479,down,down,up,down,down
123.59999999999725,cellular_5g,0.0,0.0,0.43190728068124146,0.8329009554383703,0.8145525219281723,down,down,up,down,down
123.69999999999725,cellular_5g,0.0,0.0,0.4245925399311122,0.8571875556031501,0.8268453936386129,down,down,up,down,down
123.79999999999724,cellular_5g,0.0,0.0,0.4636812318474361,0.8580413934201596,0.7910318317218004,down,down,up,down,down
123.89999999999723,cellular_5g,0.0,0.0,0.396955721166845,0.8418870789466472,0.8007460442083785,down,down,up,down,down
123.99999999999723,cellular_5g,0.0,0.0,0.4337537493108687,0.8691616708538056,0.8081610176058326,down,down,up,down,down
124.09999999999722,cellular_5g,0.0,0.0,0.42629731313030106,0.8428354938296614,0.7655256936382131,down,down,up,down,down
124.19999999999722,cellular_5g,0.0,0.0,0.372983263280158,0.8598350637454644,0.8105191899293711,down,down,up,down,down
124.29999999999721,cellular_5g,0.0,0.0,0.349509459396393,0.8493184513283896,0.7867205444339122,down,down,up,down,down
124.3999999999972,cellular_5g,0.0,0.0,0.375325189079295,0.8553791548506741,0.7574008127162877,down,down,up,down,down
124.4999999999972,cellular_5g,0.0,0.0,0.3518343968232134,0.8288171571056596,0.8061159256429075,down,down,up,attaching,down
124.5999999999972,cellular_5g,0.0,0.0,0.3465642705246864,0.8211199159456419,0.7996592143478984,down,down,up,attaching,down
124.69999999999719,cellular_5g,0.0,0.0,0.32617383636556524,0.8455319083059762,0.8008192157485308,down,down,up,attaching,down
124.79999999999718,cellular_5g,0.0,0.0,0.3131855794511068,0.8751261099138212,0.8114619072091591,down,down,up,attaching,down
124.89999999999718,cellular_5g,0.0,0.0,0.31016874502949693,0.8118364320616986,0.7887252100748254,down,down,up,attaching,down
124.99999999999717,cellular_5g,0.0,0.0,0.29312298584064594,0.877015432225638,0.8125832887295467,down,down,up,attaching,down
125.09999999999717,cellular_5g,0.0,0.0,0.27067105498404603,0.8411305148676509,0.7902671189958683,down,down,up,attaching,down
125.19999999999716,cellular_5g,0.0,0.0,0.26298874613068846,0.8696705640515775,0.8465212857602787,down,down,up,attaching,down
125.29999999999715,cellular_5g,0.0,0.0,0.2616914585557623,0.8312798645598493,0.8154240552493222,down,down,up,attaching,down
125.39999999999715,cellular_5g,0.0,0.0,0.2692441917390536,0.8240401449247574,0.8008011522097491,down,down,up,attaching,down
125.49999999999714,cellular_5g,0.0,0.0,0.24232466672703395,0.8269927245088069,0.7959975833483615,down,down,up,attaching,down
125.59999999999714,cellular_5g,0.0,0.0,0.22450960259769373,0.8537422839860913,0.7736584454127553,down,down,up,attaching,down
125.69999999999713,cellular_5g,0.0,0.0,0.20853047120252483,0.8686992947549853,0.7725313120923798,down,down,up,attaching,down
125.79999999999713,cellular_5g,0.0,0.0,0.2208959461784113,0.861188225676622,0.826201542512029,down,down,up,attaching,down
125.89999999999712,cellular_5g,0.0,0.0,0.2061284446899296,0.8064937732071583,0.8059338712229306,down,down,up,attaching,down
125.99999999999712,sat_leo,0.0,0.0,0.23780959251186487,0.8605706014893342,0.7927404382409298,down,down,up,up,down
126.09999999999711,sat_leo,0.0,0.0,0.1871101501105622,0.8737784545839219,0.8239895985402376,down,down,up,up,down
126.1999999999971,sat_leo,0.0,0.0,0.1681857798854952,0.8533236491540123,0.7902710811999505,down,down,up,up,down
126.2999999999971,sat_leo,0.0,0.0,0.1776023381571511,0.8560256931444201,0.7918743288372062,down,down,up,up,down
126.39999999999709,sat_leo,0.0,0.0,0.16862920697565756,0.8259213554455896,0.7746667077258195,down,down,up,up,down
126.49999999999709,sat_leo,0.0,0.0,0.15752983375637628,0.857615474107447,0.861101177015846,down,down,up,up,down
126.59999999999708,sat_leo,0.0,0.0,0.10123436191762408,0.8542083853740242,0.7977405288216773,down,down,up,up,down
126.69999999999708,sat_leo,0.0,0.0,0.11768589802119721,0.8510852677934995,0.8230282172365918,down,down,up,up,down
126.79999999999707,sat_leo,0.0,0.0,0.09517606647296162,0.8701122606538174,0.81065367433266,down,down,up,up,down
126.89999999999706,sat_leo,0.0,0.0,0.10707605805937362,0.8428410962894194,0.8041294577048559,down,down,up,up,down
126.99999999999706,sat_leo,0.0,0.0,0.06463796878508334,0.8357118549729229,0.8066710978500997,down,down,up,up,down
127.09999999999705,sat_leo,0.0,0.0,0.1059076068361759,0.8290186187669443,0.7940668530664345,down,down,up,up,down
127.19999999999705,sat_leo,0.0,0.0,0.07637130784447323,0.8754460149647347,0.8045901312276276,down,down,up,up,down
127.29999999999704,sat_leo,0.0,0.0,0.1163632860913384,0.80946750052118,0.790307139615546,down,down,up,up,down
127.39999999999704,sat_leo,0.0,0.0,0.05438082312034993,0.8448942581180294,0.8355048311178319,down,down,up,up,down
127.49999999999703,sat_leo,0.0,0.0,0.04352143134875263,0.8704569009816004,0.7831014499716559,down,down,up,up,down
127.59999999999702,sat_leo,0.0,0.0,0.05361104169044381,0.8273720317362941,0.7529544790911915,down,down,up,up,down
127.69999999999702,sat_leo,0.0,0.0,0.02446135802417558,0.8548606986520135,0.8178737437072053,down,down,up,up,down
127.79999999999701,sat_leo,0.0,0.0,0.047400871334883445,0.8904423221042702,0.759925736717511,down,down,up,up,down
127.89999999999701,sat_leo,0.0,0.0,0.0,0.869548327185961,0.7640883092381305,down,down,up,up,down
127.999999999997,sat_leo,0.0,0.0,0.0,0.8495667061725388,0.7892820273099118,down,down,up,up,down
128.099999999997,sat_leo,0.0,0.0,0.0,0.8622155323080363,0.7518929736431108,down,down,down,up,down
128.199999999997,sat_leo,0.0,0.0,0.0,0.05,0.8259970123969603,down,down,down,up,down
128.299999999997,sat_leo,0.0,0.0,0.0,0.8596573515453138,0.7958966890648048,down,down,down,up,down
128.399999999997,sat_leo,0.0,0.0,0.0,0.8323507723522132,0.8165520551850062,down,down,down,up,down
128.499999999997,sat_leo,0.0,0.0,0.0,0.8496373991007163,0.778135574463917,down,down,down,up,down
128.59999999999698,sat_leo,0.0,0.0,0.0,0.8284503763337379,0.8080781828879698,down,down,down,up,down
128.69999999999698,sat_leo,0.0,0.0,0.0,0.8257255494189917,0.8209596355819258,down,down,down,up,down
128.79999999999697,sat_leo,0.0,0.0,0.0,0.8110293737819583,0.8185508387835381,down,down,down,up,down
128.89999999999696,sat_leo,0.0,0.0,0.0,0.8704274423812733,0.7807430018616219,down,down,down,up,down
128.99999999999696,sat_leo,0.0,0.0,0.0,0.8535241163931813,0.8261012250912438,down,down,down,up,down
129.09999999999695,sat_leo,0.0,0.0,0.0,0.870548188746481,0.8028106406300376,down,down,down,up,down
129.19999999999695,sat_leo,0.0,0.0,0.0,0.8236070845744904,0.836356318460313,down,down,down,up,down
129.29999999999694,sat_leo,0.0,0.0,0.0,0.8121575222604029,0.8030299426703648,down,down,down,up,down
129.39999999999694,sat_leo,0.0,0.0,0.0,0.8292531221134612,0.7742727507338062,down,down,down,up,down
129.49999999999693,sat_leo,0.0,0.0,0.0,0.8320942913520619,0.7616506663850192,down,down,down,up,down
129.59999999999692,sat_leo,0.0,0.0,0.0,0.8445221357295434,0.7977145438966898,down,down,down,up,down
129.69999999999692,sat_leo,0.0,0.0,0.0,0.8595746810834903,0.8070089381924233,down,down,down,up,down
129.7999999999969,sat_leo,0.0,0.0,0.0,0.8398297784469153,0.8196799375569529,down,down,down,up,down
129.8999999999969,sat_leo,0.0,0.0,0.0,0.8266090983206302,0.8057151902406212,down,down,down,up,down
129.9999999999969,sat_leo,0.0,0.0,0.0,0.8306719336383889,0.808052152842313,down,down,down,up,down
130.0999999999969,sat_leo,0.0,0.0,0.0,0.8782099483612538,0.7996858675739567,down,down,down,up,down
130.1999999999969,sat_leo,0.0,0.0,0.0,0.8744170762271197,0.789982091203814,down,down,down,up,down
130.29999999999688,sat_leo,0.0,0.0,0.0,0.8483040222847934,0.7994933711720367,down,down,down,up,down
130.39999999999688,sat_leo,0.0,0.0,0.0,0.8509555702510926,0.785854254182851,down,down,down,up,down
130.49999999999687,sat_leo,0.0,0.0,0.0,0.8227650812515775,0.7948803358451,down,down,down,up,down
130.59999999999687,sat_leo,0.0,0.0,0.0,0.8263729888603815,0.8223392560689876,down,down,down,up,down
130.69999999999686,sat_leo,0.0,0.0,0.0,0.8321071775737832,0.7728648960601747,down,down,down,up,down
130.79999999999686,sat_leo,0.0,0.0,0.0,0.8539691830556322,0.7736975155123151,down,down,down,up,down
130.89999999999685,sat_leo,0.0,0.0,0.0,0.8128467998276128,0.7937017118388067,down,down,down,up,down
130.99999999999685,sat_leo,0.0,0.0,0.0,0.8594978242697604,0.8149849186841309,down,down,down,up,down
131.09999999999684,sat_leo,0.0,0.0,0.0,0.876164805322631,0.7971518662559268,down,down,down,up,down
131.19999999999683,sat_leo,0.0,0.0,0.0,0.8552979041613202,0.7657350169112993,down,down,down,up,down
131.29999999999683,sat_leo,0.0,0.0,0.0,0.8839583282073048,0.7885099931279942,down,down,down,up,down
131.39999999999682,sat_leo,0.0,0.0,0.0,0.8403680942487005,0.8166028913718932,down,down,down,up,down
131.49999999999682,sat_leo,0.0,0.0,0.0,0.8257841402662327,0.797145485697724,down,down,down,up,down
131.5999999999968,sat_leo,0.0,0.0,0.0,0.8900330211293668,0.8016942116601427,down,down,down,up,down
131.6999999999968,sat_leo,0.0,0.0,0.0,0.8531565282382776,0.8165668291538081,down,down,down,up,down
131.7999999999968,sat_leo,0.0,0.0,0.0,0.8270034115185436,0.8114908584859093,down,down,down,up,down
131.8999999999968,sat_leo,0.0,0.0,0.0,0.8485628866735662,0.8271065778812202,down,down,down,up,down
131.9999999999968,sat_leo,0.0,0.0,0.0,0.8724981081207988,0.7869365066831333,down,down,down,up,down
132.09999999999678,sat_leo,0.0,0.0,0.0,0.8201962040704908,0.825728309435841,down,down,down,up,down
132.19999999999678,sat_leo,0.0,0.0,0.0,0.8273467989150258,0.7906708766797653,down,down,down,up,down
132.29999999999677,sat_leo,0.0,0.0,0.0,0.8537624730193188,0.7889909765525766,down,down,down,up,down
132.39999999999677,sat_leo,0.0,0.0,0.0,0.8353130048198932,0.7970042874858604,down,down,down,up,down
132.49999999999676,sat_leo,0.0,0.0,0.0,0.849147151259219,0.7671518075430818,down,down,down,up,down
132.59999999999675,sat_leo,0.0,0.0,0.0,0.8552586271848436,0.8453014924792658,down,down,down,up,down
132.69999999999675,sat_leo,0.0,0.0,0.0,0.8139343124244318,0.8100437359356838,down,down,down,up,down
132.79999999999674,sat_leo,0.0,0.0,0.0,0.8520071967266942,0.7934861960004117,down,down,down,up,down
132.89999999999674,sat_leo,0.0,0.0,0.0,0.8389092670351576,0.7814269533039342,down,down,down,up,down
132.99999999999673,sat_leo,0.0,0.0,0.0,0.8626917430605894,0.7748884296664094,down,down,down,up,down
133.09999999999673,sat_leo,0.0,0.0,0.0,0.8316065137267983,0.8253064803724056,down,down,down,up,down
133.19999999999672,sat_leo,0.0,0.0,0.0,0.8717637082107192,0.7860625822693142,down,down,down,up,down
133.29999999999671,sat_leo,0.0,0.0,0.0,0.8472767229439829,0.7687855329554818,down,down,down,up,down
133.3999999999967,sat_leo,0.0,0.0,0.0,0.8613846659070569,0.7679109883955316,down,down,down,up,down
133.4999999999967,sat_leo,0.0,0.0,0.0,0.828524212451199,0.8277110995080524,down,down,down,up,down
133.5999999999967,sat_leo,0.0,0.0,0.0,0.8577537213425416,0.797078301669256,down,down,down,up,down
133.6999999999967,sat_leo,0.0,0.0,0.0,0.795584647457759,0.7878083496054143,down,down,down,up,down
133.7999999999967,sat_leo,0.0,0.0,0.0,0.8527720108608118,0.7973912079969406,down,down,down,up,down
133.89999999999668,sat_leo,0.0,0.0,0.0,0.852028037777038,0.785550586742973,down,down,down,up,down
133.99999999999667,sat_leo,0.0,0.0,0.0,0.8445395365051351,0.7815259005965809,down,down,down,up,down
134.09999999999667,sat_leo,0.0,0.0,0.0,0.8575039019212131,0.8266205993840644,down,down,down,up,down
134.19999999999666,sat_leo,0.0,0.0,0.0,0.8569176694307756,0.7858085936333995,down,down,down,up,down
134.29999999999666,sat_leo,0.0,0.0,0.0,0.8337059615258817,0.8075743568663022,down,down,down,up,down
134.39999999999665,sat_leo,0.0,0.0,0.0,0.8775924474650167,0.8064531158238692,down,down,down,up,down
134.49999999999665,sat_leo,0.0,0.0,0.0,0.8605191301608679,0.7927969333330055,down,down,down,up,down
134.59999999999664,sat_leo,0.0,0.0,0.0,0.841852450776871,0.7625317325998038,down,down,down,up,down
134.69999999999663,sat_leo,0.0,0.0,0.0,0.8459879852047246,0.7976587402865711,down,down,down,up,down
134.79999999999663,sat_leo,0.0,0.0,0.0,0.847902242972431,0.7845770579009015,down,down,down,up,down
134.89999999999662,sat_leo,0.0,0.0,0.0,0.8724656866132897,0.8021486911645211,down,down,down,up,down
134.99999999999662,sat_leo,0.0,0.0,0.0,0.8544054276148815,0.8043975175126021,down,down,down,up,down
135.0999999999966,sat_leo,0.0,0.0,0.0,0.8607489941015608,0.8287490476249161,down,down,down,up,down
135.1999999999966,sat_leo,0.0,0.0,0.0,0.8336249358944602,0.8259287804325777,down,down,down,up,down
135.2999999999966,sat_leo,0.0,0.0,0.0,0.8892657782998179,0.7774780852594347,down,down,down,up,down
135.3999999999966,sat_leo,0.0,0.0,0.0,0.8365968813757266,0.7998797852795505,down,down,down,up,down
135.4999999999966,sat_leo,0.0,0.0,0.0,0.8817409169528833,0.8370037281834167,down,down,down,up,down
135.59999999999658,sat_leo,0.0,0.0,0.0,0.865803133793077,0.7974628412668043,down,down,down,up,down
135.69999999999658,sat_leo,0.0,0.0,0.0,0.8604596370614164,0.0,down,down,down,up,down
135.79999999999657,sat_leo,0.0,0.0,0.0,0.8685646095283227,0.0,down,down,down,up,down
135.89999999999657,sat_leo,0.0,0.0,0.0,0.8399084451882981,0.0,down,down,down,up,down
135.99999999999656,sat_leo,0.0,0.0,0.0,0.8463079750488158,0.0,down,down,down,up,down
136.09999999999656,sat_leo,0.0,0.0,0.0,0.8697821675000434,0.0,down,down,down,up,down
136.19999999999655,sat_leo,0.0,0.0,0.0,0.8476911395818811,0.0,down,down,down,up,down
136.29999999999654,sat_leo,0.0,0.0,0.0,0.8718996003328959,0.0,down,down,down,up,down
136.39999999999654,sat_leo,0.0,0.0,0.0,0.8872504980318868,0.0,down,down,down,up,down
136.49999999999653,sat_leo,0.0,0.0,0.0,0.8482833937233893,0.0,down,down,down,up,down
136.59999999999653,sat_leo,0.0,0.0,0.0,0.8354855149200066,0.0,down,down,down,up,down
136.69999999999652,sat_leo,0.0,0.0,0.0,0.8632947908194053,0.0,down,down,down,up,down
136.79999999999652,sat_leo,0.0,0.0,0.0,0.8585406409850882,0.0,down,down,down,up,down
136.8999999999965,sat_leo,0.0,0.0,0.0,0.827641078058861,0.0,down,down,down,up,down
136.9999999999965,sat_leo,0.0,0.0,0.0,0.8738416696524413,0.0,down,down,down,up,down
137.0999999999965,sat_leo,0.0,0.0,0.0,0.0,0.0,down,down,down,up,down
137.1999999999965,sat_leo,0.0,0.0,0.0,0.0,0.0,down,down,down,up,down
137.2999999999965,sat_leo,0.0,0.0,0.0,0.0,0.0,down,down,down,up,down
137.39999999999648,sat_leo,0.0,0.0,0.0,0.0,0.0,down,down,down,up,down
137.49999999999648,sat_leo,0.0,0.0,0.0,0.0,0.0,down,down,down,up,down
137.59999999999647,,0.0,0.0,0.0,0.0,0.0,down,down,down,down,down
137.69999999999646,,0.0,0.0,0.0,0.0,0.0,down,down,down,down,down
137.79999999999646,,0.0,0.0,0.0,0.0,0.0,down,down,down,down,down
137.89999999999645,,0.0,0.0,0.0,0.0,0.0,down,down,down,down,down
137.99999999999645,,0.0,0.0,0.0,0.0,0.0,down,down,down,down,down
138.09999999999644,,0.0,0.0,0.0,0.0,0.0,down,down,down,down,down
138.19999999999644,,0.0,0.0,0.0,0.0,0.0,down,down,down,down,down
138.29999999999643,,0.0,0.0,0.0,0.0,0.0,down,down,down,down,down
138.39999999999642,,0.0,0.0,0.0,0.0,0.0,down,down,down,down,down
138.49999999999642,,0.0,0.0,0.0,0.0,0.0,down,down,down,down,down
138.5999999999964,,0.0,0.0,0.0,0.0,0.0,down,down,down,down,down
138.6999999999964,,0.0,0.0,0.0,0.0,0.0,down,down,down,down,down
138.7999999999964,,0.0,0.0,0.0,0.0,0.0,down,down,down,down,down
138.8999999999964,,0.0,0.0,0.0,0.0,0.0,down,down,down,down,down
138.9999999999964,,0.0,0.0,0.0,0.0,0.0,down,down,down,down,down
139.09999999999638,,0.0,0.0,0.0,0.0,0.0,down,down,down,down,down
139.19999999999638,,0.0,0.0,0.0,0.0,0.0,down,down,down,down,down
139.29999999999637,,0.0,0.0,0.0,0.0,0.0,down,down,down,down,down
139.39999999999637,,0.0,0.0,0.0,0.0,0.0,down,down,down,down,down
139.49999999999636,,0.0,0.0,0.0,0.0,0.0,down,down,down,down,down
139.59999999999636,,0.0,0.0,0.0,0.0,0.0,down,down,down,down,down
139.69999999999635,,0.0,0.0,0.0,0.0,0.0,down,down,down,down,down
139.79999999999634,,0.0,0.0,0.0,0.0,0.0,down,down,down,down,down
139.89999999999634,,0.0,0.0,0.0,0.0,0.0,down,down,down,down,down
139.99999999999633,,0.0,0.0,0.0,0.9024577161748719,0.0,down,down,down,attaching,down
140.09999999999633,,0.0,0.0,0.0,0.8492281489323921,0.0,down,down,down,attaching,down
140.19999999999632,,0.0,0.0,0.0,0.8618139214143237,0.0,down,down,down,attaching,down
140.29999999999632,,0.0,0.0,0.0,0.8914147011511434,0.0,down,down,down,attaching,down
140.3999999999963,,0.0,0.0,0.0,0.8700723270073282,0.0,down,down,down,attaching,down
140.4999999999963,,0.0,0.0,0.0,0.8520076261578341,0.0,down,down,down,attaching,down
140.5999999999963,,0.0,0.0,0.0,0.8650037176965548,0.0,down,down,down,attaching,down
140.6999999999963,,0.0,0.0,0.0,0.8640784541999629,0.0,down,down,down,attaching,down
140.7999999999963,,0.0,0.0,0.0,0.8398793886893184,0.0,down,down,down,attaching,down
140.89999999999628,,0.0,0.0,0.0,0.854611162408648,0.0,down,down,down,attaching,down
140.99999999999628,,0.0,0.0,0.0,0.8693699162649242,0.0,down,down,down,attaching,down
141.09999999999627,,0.0,0.0,0.0,0.8599583779673192,0.0,down,down,down,attaching,down
141.19999999999627,,0.0,0.0,0.0,0.8451198762910463,0.0,down,down,down,attaching,down
141.29999999999626,,0.0,0.0,0.0,0.8375775319961521,0.0,down,down,down,attaching,down
141.39999999999625,,0.0,0.0,0.0,0.8325888592721339,0.0,down,down,down,attaching,down
141.49999999999625,sat_leo,0.0,0.0,0.0,0.8602265213675511,0.7792244540187201,down,down,down,up,attaching
141.59999999999624,sat_leo,0.0,0.0,0.0,0.8596085097862153,0.7921072034525487,down,down,down,up,down
141.69999999999624,sat_leo,0.0,0.0,0.0,0.8665324533846095,0.7826071024624378,down,down,down,up,down
141.79999999999623,sat_leo,0.0,0.0,0.0,0.8419426735102167,0.747418128063952,down,down,down,up,down
141.89999999999623,sat_leo,0.0,0.0,0.0,0.832880286854265,0.795915786262659,down,down,down,up,down
141.99999999999622,sat_leo,0.0,0.0,0.0,0.8442186072464269,0.8002345674026391,down,down,down,up,down
142.09999999999621,sat_leo,0.0,0.0,0.0,0.8177779182837386,0.8204499500077944,down,down,down,up,down
142.1999999999962,sat_leo,0.0,0.0,0.0,0.8503926220822956,0.8038878579336302,down,down,down,up,down
142.2999999999962,sat_leo,0.0,0.0,0.0,0.8427564777393702,0.7920097437327566,down,down,down,up,down
142.3999999999962,sat_leo,0.0,0.0,0.0,0.8651181464675736,0.8100304820375517,down,down,down,up,down
142.4999999999962,sat_leo,0.0,0.0,0.0,0.8394323225206761,0.792247142236642,down,down,down,up,down
142.5999999999962,sat_leo,0.0,0.0,0.0,0.8659789077411407,0.7975692975266854,down,down,down,up,down
142.69999999999618,sat_leo,0.0,0.0,0.0,0.8972225095170465,0.8131784038014358,down,down,down,up,down
142.79999999999617,sat_leo,0.0,0.0,0.0,0.8388572105414737,0.7995952855080817,down,down,down,up,down
142.89999999999617,sat_leo,0.0,0.0,0.0,0.8521901058110765,0.7661439614065053,down,down,down,up,down
142.99999999999616,sat_leo,0.0,0.0,0.0,0.880710727836675,0.7881882234938259,down,down,down,up,down
143.09999999999616,sat_leo,0.0,0.0,0.0,0.8378448488792212,0.8280239094544782,down,down,down,up,down
143.19999999999615,sat_leo,0.0,0.0,0.0,0.05,0.7983070273371337,down,down,down,up,down
143.29999999999615,sat_leo,0.0,0.0,0.0,0.9009032879567507,0.8069576418674904,down,down,down,up,down
143.39999999999614,sat_leo,0.0,0.0,0.0,0.8709448602793178,0.7941985759371715,down,down,down,up,down
143.49999999999613,sat_leo,0.0,0.0,0.0,0.8637573027248769,0.7972537938817866,down,down,down,up,down
143.59999999999613,sat_leo,0.0,0.0,0.0,0.8737225409569986,0.8013495360940983,down,down,down,up,down
143.69999999999612,sat_leo,0.0,0.0,0.0,0.8715351375960968,0.8029068620202167,down,down,down,up,down
143.79999999999612,sat_leo,0.0,0.0,0.0,0.8519441497552968,0.8357456898875498,down,down,down,up,down
143.8999999999961,sat_leo,0.0,0.0,0.0,0.8510292786471721,0.8212913148816876,down,down,down,up,down
143.9999999999961,sat_leo,0.0,0.0,0.0,0.8480635993989507,0.8093559047813469,down,down,down,up,down
144.0999999999961,sat_leo,0.0,0.0,0.0,0.8135781467712562,0.7783091399267956,down,down,down,up,down
144.1999999999961,sat_leo,0.0,0.0,0.0,0.8628291632392219,0.8247539207335909,down,down,down,up,down
144.2999999999961,sat_leo,0.0,0.0,0.0,0.8427999779959294,0.8396964732013167,down,down,down,up,down
144.39999999999608,sat_leo,0.0,0.0,0.0,0.8328421603501748,0.7919685908979683,down,down,down,up,down
144.49999999999608,sat_leo,0.0,0.0,0.0,0.8613823345382373,0.7951112209815147,down,down,down,up,down
144.59999999999607,sat_leo,0.0,0.0,0.0,0.8495700046090883,0.7695767167122588,down,down,down,up,down
144.69999999999607,sat_leo,0.0,0.0,0.0,0.8507344721195221,0.7885636489554341,down,down,down,up,down
144.79999999999606,sat_leo,0.0,0.0,0.0,0.8685195806029966,0.7846101583712554,down,down,down,up,down
144.89999999999606,sat_leo,0.0,0.0,0.0,0.8460961271435127,0.7616066242932816,down,down,down,up,down
144.99999999999605,sat_leo,0.0,0.0,0.0,0.8363667279148773,0.7992662737526064,down,down,down,up,down
145.09999999999604,sat_leo,0.0,0.0,0.0,0.8398022622795165,0.794078989737336,down,down,down,up,down
145.19999999999604,sat_leo,0.0,0.0,0.0,0.8534765945823539,0.7661376881554856,down,down,down,up,down
145.29999999999603,sat_leo,0.0,0.0,0.0,0.8418802690897784,0.7968264858640597,down,down,down,up,down
145.39999999999603,sat_leo,0.0,0.0,0.0,0.8399085885564451,0.7989867177905637,down,down,down,up,down
145.49999999999602,sat_leo,0.0,0.0,0.0,0.8249028849168067,0.8170922887160912,down,down,down,up,down
145.59999999999602,sat_leo,0.0,0.0,0.0,0.8386061545108262,0.8121756606355288,down,down,down,up,down
145.699999999996,sat_leo,0.0,0.0,0.0,0.8587329335731217,0.8147959361548497,down,down,down,up,down
145.799999999996,sat_leo,0.0,0.0,0.0,0.8642017277808833,0.7992438107439063,down,down,down,up,down
145.899999999996,sat_leo,0.0,0.0,0.0,0.8525242041225258,0.7564911688552282,down,down,down,up,down
145.999999999996,sat_leo,0.0,0.0,0.0,0.8654841427153448,0.7994110196828101,down,down,down,up,down
146.099999999996,sat_leo,0.0,0.0,0.0,0.8112605236086091,0.7894963811927376,down,down,down,up,down
146.19999999999598,sat_leo,0.0,0.0,0.0,0.8534164169692819,0.795006081293359,down,down,down,up,down
146.29999999999598,sat_leo,0.0,0.0,0.0,0.8609622800776545,0.834510580500052,down,down,down,up,down
146.39999999999597,sat_leo,0.0,0.0,0.0,0.8465979670629061,0.8209534627147217,down,down,down,up,down
146.49999999999596,sat_leo,0.0,0.0,0.0,0.8379416713781961,0.7994401780089212,down,down,down,up,down
146.59999999999596,sat_leo,0.0,0.0,0.0,0.8457624990939767,0.832869832352925,down,down,down,up,down
146.69999999999595,sat_leo,0.0,0.0,0.0,0.8355192156182574,0.8274350291150279,down,down,down,up,down
146.79999999999595,sat_leo,0.0,0.0,0.0,0.7919727696231117,0.8057049174143388,down,down,down,up,down
146.89999999999594,sat_leo,0.0,0.0,0.0,0.8690304511641769,0.8134550586269824,down,down,down,up,down
146.99999999999594,sat_leo,0.0,0.0,0.0,0.8472752676467171,0.8022802094801741,down,down,down,up,down
147.09999999999593,sat_leo,0.0,0.0,0.0,0.8050764198713855,0.7732053934210588,down,down,down,up,down
147.19999999999592,sat_leo,0.0,0.0,0.0,0.8462657347418303,0.7902288542277718,down,down,down,up,down
147.29999999999592,sat_leo,0.0,0.0,0.0,0.8489111402606462,0.7519977989572377,down,down,down,up,down
147.3999999999959,sat_leo,0.0,0.0,0.0,0.8618837180244159,0.7742832673213095,down,down,down,up,down
147.4999999999959,sat_leo,0.0,0.0,0.0,0.8615903273628217,0.8198625487719535,down,down,down,up,down
147.5999999999959,sat_leo,0.0,0.0,0.0,0.8604712026775572,0.8031338850063298,down,down,down,up,down
147.6999999999959,sat_leo,0.0,0.0,0.0,0.8574174187634772,0.7959662216454625,down,down,down,up,down
147.7999999999959,sat_leo,0.0,0.0,0.0,0.8281052518650325,0.8185176729337622,down,down,down,up,down
147.89999999999588,sat_leo,0.0,0.0,0.0,0.8446689396293773,0.797224006842248,down,down,down,up,down
147.99999999999588,sat_leo,0.0,0.0,0.0,0.8327891606579451,0.7768217505936611,down,down,down,up,down
148.09999999999587,sat_leo,0.0,0.0,0.0,0.8602423687611552,0.811871601603929,down,down,down,up,down
148.19999999999587,sat_leo,0.0,0.0,0.0,0.8679924552949654,0.7995347791664859,down,down,down,up,down
148.29999999999586,sat_leo,0.0,0.0,0.0,0.8406138681039513,0.80183216626492,down,down,down,up,down
148.39999999999586,sat_leo,0.0,0.0,0.0,0.840135621698068,0.8182216311198063,down,down,down,up,down
148.49999999999585,sat_leo,0.0,0.0,0.0,0.8422758103898293,0.7535242914755101,down,down,down,up,down
148.59999999999584,sat_leo,0.0,0.0,0.0,0.8245867743513858,0.8145820229674964,down,down,down,up,down
148.69999999999584,sat_leo,0.0,0.0,0.0,0.8437940253881898,0.777642073817942,down,down,down,up,down
148.79999999999583,sat_leo,0.0,0.0,0.0,0.838358854825919,0.7804028253416493,down,down,down,up,down
148.89999999999583,sat_leo,0.0,0.0,0.0,0.8676845069602627,0.7811561747480664,down,down,down,up,down
148.99999999999582,sat_leo,0.0,0.0,0.0,0.8736494644074426,0.7519868385195598,down,down,down,up,down
149.09999999999582,sat_leo,0.0,0.0,0.0,0.8713474755151681,0.7946336751883774,down,down,down,up,down
149.1999999999958,sat_leo,0.0,0.0,0.0,0.8544342691582199,0.7860069347677657,down,down,down,up,down
149.2999999999958,sat_leo,0.0,0.0,0.0,0.8303414491381386,0.7960438964276864,down,down,down,up,down
149.3999999999958,sat_leo,0.0,0.0,0.0,0.8451072045868967,0.8094836685070228,down,down,down,up,down
149.4999999999958,sat_leo,0.0,0.0,0.0,0.894533073158369,0.7727772163837043,down,down,down,up,down
149.5999999999958,sat_leo,0.0,0.0,0.0,0.8502244328635066,0.8047070273188153,down,down,down,up,down
149.69999999999578,sat_leo,0.0,0.0,0.0,0.8577595461376503,0.7961570070020869,down,down,down,up,down
149.79999999999578,sat_leo,0.0,0.0,0.0,0.8682582340254423,0.7904629235062774,down,down,down,up,down
149.89999999999577,sat_leo,0.0,0.0,0.0,0.8308660645025426,0.7909901243327715,down,down,down,up,down
149.99999999999577,sat_leo,0.0,0.0,0.0,0.8677339976143699,0.780070728852033,down,down,down,up,down
150.09999999999576,sat_leo,0.0,0.0,0.0,0.8988159619081075,0.8057942998809928,down,down,down,up,down
150.19999999999575,sat_leo,0.0,0.0,0.0,0.8446136919631017,0.7994413042226373,down,down,down,up,down
150.29999999999575,sat_leo,0.0,0.0,0.0,0.8702621145677875,0.8051020956606202,down,down,down,up,down
150.39999999999574,sat_leo,0.0,0.0,0.0,0.8281990046798775,0.765911369142027,down,down,down,up,down
150.49999999999574,sat_leo,0.0,0.0,0.0,0.8651749071390212,0.7882927658992304,down,down,down,up,down
150.59999999999573,sat_leo,0.0,0.0,0.0,0.8521893229940254,0.7892986394985498,down,down,down,up,down
150.69999999999573,sat_leo,0.0,0.0,0.0,0.8513647137582867,0.8220949846569914,down,down,down,up,down
150.79999999999572,sat_leo,0.0,0.0,0.0,0.855616822753613,0.8075154378286471,down,down,down,up,down
150.8999999999957,sat_leo,0.0,0.0,0.0,0.8783149502175507,0.8260835633715347,down,down,down,up,down
150.9999999999957,sat_leo,0.0,0.0,0.0,0.8526914500549984,0.8038473040552099,down,down,down,up,down
151.0999999999957,sat_leo,0.0,0.0,0.0,0.892264846246231,0.8130733885804918,down,down,down,up,down
151.1999999999957,sat_leo,0.0,0.0,0.0,0.8646074650635132,0.7718039340255249,down,down,down,up,down
151.2999999999957,sat_leo,0.0,0.0,0.0,0.8881573900097687,0.7998458651852443,down,down,down,up,down
151.39999999999569,sat_leo,0.0,0.0,0.0,0.8423109073526104,0.7735431264481122,down,down,down,up,down
151.49999999999568,sat_leo,0.0,0.0,0.0,0.8382205119580591,0.8019324327854546,down,down,down,up,down
151.59999999999567,sat_leo,0.0,0.0,0.0,0.8768584372209407,0.7991622529585077,down,down,down,up,down
151.69999999999567,sat_leo,0.0,0.0,0.0,0.8385226261466255,0.8048169229058585,down,down,down,up,down
151.79999999999566,sat_leo,0.0,0.0,0.0,0.8217864397823458,0.8146454491059337,down,down,down,up,down
151.89999999999566,sat_leo,0.0,0.0,0.0,0.8180534224349069,0.8086329825750055,down,down,down,up,down
151.99999999999565,sat_leo,0.0,0.0,0.0,0.8646621344962313,0.7924630212078371,down,down,down,up,down
152.09999999999565,sat_leo,0.0,0.0,0.02044503660993115,0.826246631687899,0.7883267292248748,down,down,down,up,down
152.19999999999564,sat_leo,0.0,0.0,0.05057184516446597,0.8107409106858557,0.8045062393230005,down,down,down,up,down
152.29999999999563,sat_leo,0.0,0.0,0.07351296155694342,0.8767988324921275,0.7833325173805067,down,down,attaching,up,down
152.39999999999563,sat_leo,0.0,0.0,0.13085666330898732,0.835347265857802,0.7937476213419323,down,down,attaching,up,down
152.49999999999562,sat_leo,0.0,0.0,0.12857532785452633,0.855795120993398,0.7859095693388908,down,down,attaching,up,down
152.59999999999562,sat_leo,0.0,0.0,0.1295113812679537,0.8800325079794196,0.7953744004499436,down,down,attaching,up,down
152.6999999999956,sat_leo,0.0,0.0,0.13930241723294473,0.8473161315508516,0.7664385416793729,down,down,attaching,up,down
152.7999999999956,sat_leo,0.0,0.0,0.1506321752321432,0.8660942927745221,0.8122857558955494,down,down,up,up,down
152.8999999999956,sat_leo,0.0,0.0,0.16699520150064132,0.8663374210241317,0.7978273453806553,down,down,up,up,down
152.9999999999956,sat_leo,0.0,0.0,0.18150903430148446,0.9003110388448848,0.8285831845444678,down,down,up,up,down
153.0999999999956,sat_leo,0.0,0.0,0.16921038540206296,0.8395522934724449,0.81957817445591,down,down,up,up,down
153.19999999999558,sat_leo,0.0,0.0,0.16394120364372752,0.8525649038762012,0.7932846236783118,down,down,up,up,down
153.29999999999558,sat_leo,0.0,0.0,0.145044852819521,0.8554388946880969,0.7643040685328489,down,down,up,up,down
153.39999999999557,sat_leo,0.0,0.0,0.1874061612023229,0.8593905253957137,0.7909815007449117,down,down,up,up,down
153.49999999999557,sat_leo,0.0,0.0,0.20351284297613403,0.8443065290546155,0.7751961352119254,down,down,up,up,down
153.59999999999556,sat_leo,0.0,0.0,0.22503042384285293,0.8699858850916368,0.7922852117370569,down,down,up,up,down
153.69999999999555,sat_leo,0.0,0.0,0.18465357191835835,0.8569783274852871,0.7835353317869551,down,down,up,up,down
153.79999999999555,sat_leo,0.0,0.0,0.2039584052631386,0.8868430682159626,0.7736267831168131,down,down,up,up,down
153.89999999999554,sat_leo,0.0,0.0,0.24944815887612207,0.8397294790157875,0.8023787398326394,down,down,up,up,down
153.99999999999554,sat_leo,0.0,0.0,0.26341591257394215,0.8422766157398642,0.7875825058599405,down,down,up,up,down
154.09999999999553,sat_leo,0.0,0.0,0.24006221071906253,0.8545141420496027,0.7876712191705534,down,down,up,up,down
154.19999999999553,sat_leo,0.0,0.0,0.259787173506104,0.8353004526711865,0.7854728675234371,down,down,up,up,down
154.29999999999552,sat_leo,0.0,0.0,0.2585981682284915,0.877954833475165,0.794652812529185,down,down,up,up,down
154.39999999999552,sat_leo,0.0,0.0,0.2800229384800238,0.8441867531704712,0.7917701248567238,down,down,up,up,down
154.4999999999955,sat_leo,0.0,0.0,0.2652746450516008,0.8134337923523388,0.8138253125854512,down,down,up,up,down
154.5999999999955,sat_leo,0.0,0.0,0.2727970516231892,0.8499686143134122,0.7867437173442683,down,down,up,up,down
154.6999999999955,sat_leo,0.0,0.0,0.2752622744575979,0.8541797908919875,0.7974189851259552,down,down,up,up,down
154.7999999999955,sat_leo,0.0,0.0,0.2657557134351325,0.8276443995885676,0.8079712122118886,down,down,up,up,down
154.8999999999955,sat_leo,0.0,0.0,0.2663941569930728,0.8651569459347962,0.8165731821034076,down,down,up,up,down
154.99999999999548,sat_leo,0.0,0.0,0.23672821624357965,0.8564298314996449,0.7943473085673245,down,down,up,up,down
155.09999999999548,sat_leo,0.0,0.0,0.2725365789733647,0.8689714058957384,0.7927009734988563,down,down,up,up,down
155.19999999999547,sat_leo,0.0,0.0,0.25775260544914147,0.8343224123973676,0.8125237674361768,down,down,up,up,down
155.29999999999546,sat_leo,0.0,0.0,0.26717707079547665,0.8691636788289888,0.8139779489488859,down,down,up,up,down
155.39999999999546,sat_leo,0.0,0.0,0.2539538150900046,0.8291298597357295,0.7873590621239369,down,down,up,up,down
155.49999999999545,sat_leo,0.0,0.0,0.2725808247017798,0.85116020593502,0.7991232794635922,down,down,up,up,down
155.59999999999545,sat_leo,0.0,0.0,0.3165545274922292,0.8670444248158307,0.7559600475519703,down,down,up,up,down
155.69999999999544,sat_leo,0.0,0.0,0.2307557308640804,0.8595220373337304,0.7803395559824403,down,down,up,up,down
155.79999999999544,sat_leo,0.0,0.0,0.3034077170993055,0.8402433108172943,0.828640123036549,down,down,up,up,down
155.89999999999543,cellular_5g,0.0,0.0,0.28548017265798475,0.8192331328647313,0.788797280479875,down,down,up,up,down
155.99999999999542,cellular_5g,0.0,0.0,0.267391164362877,0.8741650073110995,0.8168899292802727,down,down,up,up,down
156.09999999999542,cellular_5g,0.0,0.0,0.2776518726920867,0.8625145472080797,0.7976052372946956,down,down,up,up,down
156.1999999999954,cellular_5g,0.0,0.0,0.30023497128023735,0.8324932674841938,0.7590351337034751,down,down,up,up,down
156.2999999999954,cellular_5g,0.0,0.0,0.3002447830993751,0.8451272702664975,0.7828951914900842,down,down,up,up,down
156.3999999999954,cellular_5g,0.0,0.0,0.3010379915556783,0.8634313742819805,0.8015305248682106,down,down,up,up,down
156.4999999999954,cellular_5g,0.0,0.0,0.3015693070534522,0.8402546944179106,0.777585094099301,down,down,up,up,down
156.5999999999954,cellular_5g,0.0,0.0,0.3396826902048315,0.8039298267822264,0.7767549207615315,down,down,up,up,down
156.69999999999538,cellular_5g,0.0,0.0,0.3005400293386816,0.8559681413114884,0.812114371641846,down,down,up,up,down
156.79999999999538,cellular_5g,0.0,0.0,0.3594983622463661,0.8711881581915903,0.836206546612023,down,down,up,up,down
156.89999999999537,cellular_5g,0.0,0.0,0.3512156261223754,0.8353754104131267,0.8298753475900128,down,down,up,up,down
156.99999999999537,cellular_5g,0.0,0.0,0.36966494127469446,0.8021310807157882,0.7893597405360623,down,down,up,up,down
157.09999999999536,cellular_5g,0.0,0.0,0.3480853080083219,0.8563585903678177,0.8105785942650344,down,down,up,up,down
157.19999999999536,cellular_5g,0.0,0.0,0.35600619429083763,0.8369947626402363,0.7848351409850801,down,down,up,up,down
157.29999999999535,cellular_5g,0.0,0.0,0.3997939797434236,0.8442129438080035,0.7997265712356725,down,down,up,up,down
157.39999999999534,cellular_5g,0.0,0.0,0.38481119627225213,0.848612451647465,0.7778849922364249,down,down,up,up,down
157.49999999999534,cellular_5g,0.0,0.0,0.4120405308778777,0.8903493674067235,0.8181006540695752,down,down,up,up,down
157.59999999999533,cellular_5g,0.0,0.0,0.42496131772272433,0.8585701435014221,0.7870329218429539,down,down,up,up,down
157.69999999999533,cellular_5g,0.0,0.0,0.37467654950256757,0.8650253798711698,0.8060888082056046,down,down,up,up,down
157.79999999999532,cellular_5g,0.0,0.0,0.4274869768310714,0.8531470150341078,0.8129450269932096,down,down,up,up,down
157.89999999999532,cellular_5g,0.0,0.0,0.4564672351598824,0.8726565042115805,0.8213402720771409,down,down,up,up,down
157.9999999999953,cellular_5g,0.0,0.0,0.42524518624996516,0.847238386453859,0.8144589000844673,down,down,up,up,down
158.0999999999953,cellular_5g,0.0,0.0,0.46531836462884113,0.8595595979806762,0.8164025766755442,down,down,up,up,down
158.1999999999953,cellular_5g,0.0,0.0,0.3869162333664275,0.05,0.8077174217769526,down,down,up,up,down
158.2999999999953,cellular_5g,0.0,0.0,0.4136769210167759,0.856346120953923,0.7908269369086772,down,down,up,up,down
158.3999999999953,cellular_5g,0.0,0.0,0.39651474247388135,0.8637971552678806,0.8413772721263456,down,down,up,up,down
158.49999999999528,cellular_5g,0.0,0.0,0.38338760721836623,0.8459762095616549,0.7866969524980918,down,down,up,up,down
158.59999999999528,cellular_5g,0.0,0.0,0.37515566781570525,0.8396217545593626,0.7906784956067661,down,down,up,up,down
158.69999999999527,cellular_5g,0.0,0.0,0.36906492624532805,0.8459517896240576,0.7891917651709031,down,down,up,up,down
158.79999999999526,cellular_5g,0.0,0.0,0.36686236680320006,0.8469374981642332,0.7729571111052068,down,down,up,up,down
158.89999999999526,cellular_5g,0.0,0.0,0.3367863026489044,0.8437798831741489,0.8010040407022618,down,down,up,up,down
158.99999999999525,cellular_5g,0.0,0.0,0.37112404771595636,0.8567710848611959,0.7802494381703504,down,down,up,up,down
159.09999999999525,cellular_5g,0.0,0.0,0.35795985510044603,0.8615193797035903,0.7999497911801798,down,down,up,up,down
159.19999999999524,cellular_5g,0.0,0.0,0.35820622571021743,0.846353479990756,0.7824155782118515,down,down,up,up,down
159.29999999999524,cellular_5g,0.0,0.0,0.32165241722859805,0.8276380028275423,0.817070337866984,down,down,up,up,down
159.39999999999523,cellular_5g,0.0,0.0,0.29280195957340455,0.8287786055778074,0.7902410983967276,down,down,up,up,down
159.49999999999523,sat_leo,0.0,0.0,0.28362964313456956,0.8263488149254435,0.7820038394128377,down,down,up,up,down
159.59999999999522,sat_leo,0.0,0.0,0.30989470623280824,0.8708897396871718,0.814401139684043,down,down,up,up,down
159.6999999999952,sat_leo,0.0,0.0,0.2849058687234114,0.8484479914384958,0.8304769968819118,down,down,up,up,down
159.7999999999952,sat_leo,0.0,0.0,0.3042854843032447,0.8663036505008487,0.7975142863169328,down,down,up,up,down
159.8999999999952,sat_leo,0.0,0.0,0.2836135648470099,0.8410066141509541,0.8017271310229394,down,down,up,up,down
159.9999999999952,sat_leo,0.0,0.0,0.27964455981617165,0.8446471870685565,0.7898916766022993,down,down,up,up,down
160.0999999999952,sat_leo,0.0,0.0,0.3154352670305295,0.8529255937542018,0.797239962913792,down,down,up,up,down
160.19999999999519,sat_leo,0.0,0.0,0.2600629530697421,0.841874741466089,0.7834116475393135,down,down,up,up,down
160.29999999999518,sat_leo,0.0,0.0,0.34470790279492036,0.8562673266312861,0.770075987651478,down,down,up,up,down
160.39999999999517,sat_leo,0.0,0.0,0.32106165492402594,0.8638143194697733,0.8295459783297239,down,down,up,up,down
160.49999999999517,sat_leo,0.0,0.0,0.2897673781291738,0.8704078042350409,0.802137388059372,down,down,up,up,down
160.59999999999516,sat_leo,0.0,0.0,0.3298334870448858,0.8266126426667879,0.7720823394856389,down,down,up,up,down
160.69999999999516,sat_leo,0.0,0.0,0.33859015248567514,0.8579803994643166,0.8257269013530015,down,down,up,up,down
160.79999999999515,sat_leo,0.0,0.0,0.3459420730010658,0.841291848194437,0.8018483011838281,down,down,up,up,down
160.89999999999515,sat_leo,0.0,0.0,0.3378804209587079,0.8490857405179498,0.8013692465124255,down,down,up,up,down
160.99999999999514,sat_leo,0.0,0.0,0.3309904311753544,0.8957200337416971,0.8069747159976116,down,down,up,up,down
161.09999999999513,sat_leo,0.0,0.0,0.33290299501052345,0.8477289778341343,0.8142045801360693,down,down,up,up,down
161.19999999999513,sat_leo,0.0,0.0,0.32817712637824853,0.8645170449676557,0.8204662379687571,down,down,up,up,down
161.29999999999512,sat_leo,0.0,0.0,0.3488241614860169,0.8431270100308247,0.8015924603852803,down,down,up,up,down
161.39999999999512,sat_leo,0.0,0.0,0.33859210000297707,0.8364620531217463,0.7705607865122374,down,down,up,up,down
161.4999999999951,sat_leo,0.0,0.0,0.3600912738091287,0.8390046447129677,0.797650775304426,down,down,up,up,down
161.5999999999951,sat_leo,0.0,0.0,0.34121109641383496,0.8434938259711352,0.7710802221285491,down,down,up,up,down
161.6999999999951,sat_leo,0.0,0.0,0.3699927491083838,0.8372213230912038,0.7592672952655046,down,down,up,up,down
161.7999999999951,sat_leo,0.0,0.0,0.35515046890418517,0.8545996877786187,0.8072984422095139,down,down,up,up,down
161.8999999999951,sat_leo,0.0,0.0,0.3564276678113285,0.8845228802101767,0.7897666321789522,down,down,up,up,down
161.99999999999508,sat_leo,0.0,0.0,0.33987978862827534,0.8429471788948556,0.7812053728972409,down,down,up,up,down
162.09999999999508,sat_leo,0.0,0.0,0.3607484125831729,0.8346075168571093,0.8270605475780765,down,down,up,up,down
162.19999999999507,sat_leo,0.0,0.0,0.3684622787007052,0.8466839274892561,0.7915221157842682,down,down,up,up,down
162.29999999999507,sat_leo,0.0,0.0,0.36632046782815736,0.8512775097683619,0.8014320428440848,down,down,up,up,down
162.39999999999506,sat_leo,0.0,0.0,0.3622677989799212,0.8342888610976729,0.7974328464301765,down,down,up,up,down
162.49999999999505,sat_leo,0.0,0.0,0.3935175475146934,0.8344076114022733,0.8148383829561966,down,down,up,up,down
162.59999999999505,cellular_5g,0.0,0.0,0.412388556410676,0.8538307854218201,0.808969981286258,down,down,up,up,down
162.69999999999504,cellular_5g,0.0,0.0,0.44017905244432826,0.8430815802971426,0.8114098966131795,down,down,up,up,down
162.79999999999504,cellular_5g,0.0,0.0,0.4153468693488776,0.845168338089647,0.7825976539167281,down,down,up,up,down
162.89999999999503,cellular_5g,0.0,0.0,0.39288359198328576,0.8427722498257006,0.7853329994227055,down,down,up,up,down
162.99999999999503,cellular_5g,0.0,0.0,0.37443838882506497,0.852788930234261,0.7877966282855884,down,down,up,up,down
163.09999999999502,cellular_5g,0.0,0.0,0.44727050265795865,0.8491166447066828,0.8251382227455022,down,down,up,up,down
163.19999999999501,cellular_5g,0.0,0.0,0.39809846588683684,0.8773786768006997,0.7951253681280783,down,down,up,up,down
163.299999999995,cellular_5g,0.0,0.0,0.38077247941185505,0.8643324946669381,0.8297730873155006,down,down,up,up,down
163.399999999995,cellular_5g,0.0,0.0,0.39143286574357034,0.836195818706076,0.8185292713068604,down,down,up,up,down
163.499999999995,cellular_5g,0.0,0.0,0.4322327687316127,0.8467391196723396,0.7564138984520761,down,down,up,up,down
163.599999999995,cellular_5g,0.0,0.0,0.4185495337907645,0.8373055076677931,0.8000102163612909,down,down,up,up,down
163.699999999995,cellular_5g,0.0,0.0,0.4055583407652392,0.8507682351401061,0.775588685122962,down,down,up,up,down
163.79999999999498,cellular_5g,0.0,0.0,0.42764011020000425,0.8636596599996167,0.7873494297599108,down,down,up,up,down
163.89999999999498,cellular_5g,0.0,0.0,0.4389369486426219,0.8676528430397233,0.8091643814219562,down,down,up,up,down
163.99999999999497,cellular_5g,0.0,0.0,0.44778739701303266,0.8591248274801588,0.8344775915532685,down,down,up,up,down
164.09999999999496,cellular_5g,0.0,0.0,0.44305306626440083,0.8590107835299781,0.8189031624551849,down,down,up,up,down
164.19999999999496,cellular_5g,0.0,0.0,0.4322189224162651,0.9039609488411029,0.7892514174734421,down,down,up,up,down
164.29999999999495,cellular_5g,0.0,0.0,0.46506620273848737,0.8333818593088822,0.8000960699195372,down,down,up,up,down
164.39999999999495,cellular_5g,0.0,0.0,0.4541295040707385,0.857402952018247,0.7649775768051357,down,down,up,up,down
164.49999999999494,cellular_5g,0.0,0.0,0.45542394252060947,0.8508061002671379,0.770761883120248,down,down,up,up,down
164.59999999999494,cellular_5g,0.0,0.0,0.4684504292999745,0.8676405709022927,0.7932668164646349,down,down,up,up,down
164.69999999999493,cellular_5g,0.0,0.0,0.49366649383566397,0.8330635800425606,0.7965235566980241,down,down,up,up,down
164.79999999999492,cellular_5g,0.0,0.0,0.4255891628912298,0.8558085442419829,0.8016150481869967,down,down,up,up,down
164.89999999999492,cellular_5g,0.0,0.0,0.4710376405501651,0.8039915596829705,0.8136206152289046,down,down,up,up,down
164.9999999999949,cellular_5g,0.0,0.0,0.436198364600354,0.8396932388558119,0.8321144063630443,down,down,up,up,down
165.0999999999949,cellular_5g,0.0,0.0,0.4903139694299867,0.8482543535094056,0.7828275259771839,down,down,up,up,down
165.1999999999949,cellular_5g,0.0,0.0,0.4409812918119363,0.8361343595671528,0.8006081873739488,down,down,up,up,down
165.2999999999949,cellular_5g,0.0,0.0,0.44309314041737025,0.8682610247102813,0.805466743114083,down,down,up,up,down
165.3999999999949,cellular_5g,0.0,0.0,0.4710961256076072,0.8450875869770813,0.7821832811942894,down,down,up,up,down
165.49999999999488,cellular_5g,0.0,0.0,0.46949646095687625,0.8530681227430479,0.802740388978389,down,down,up,up,down
165.59999999999488,cellular_5g,0.0,0.0,0.49841753151173324,0.8852737196082754,0.7884348845806507,down,down,up,up,down
165.69999999999487,cellular_5g,0.0,0.0,0.46626143709975765,0.8346103951762607,0.7923117618376745,down,down,up,up,down
165.79999999999487,cellular_5g,0.0,0.0,0.45021559273023515,0.8556760557882127,0.8132791111292834,down,down,up,up,down
165.89999999999486,cellular_5g,0.0,0.0,0.5023332161981315,0.8710011470327134,0.8060360735759375,down,down,up,up,down
165.99999999999486,cellular_5g,0.0,0.0,0.5146328884337447,0.8286326340220261,0.8275073420767685,down,down,up,up,down
166.09999999999485,cellular_5g,0.0,0.0,0.4764668924801026,0.8192453310223516,0.8112348527152046,down,down,up,up,down
166.19999999999484,cellular_5g,0.0,0.0,0.49280828980833064,0.8695591483116077,0.812361070631584,down,down,up,up,down
166.29999999999484,cellular_5g,0.0,0.0,0.501114324013298,0.8807354698590497,0.7893771696076276,down,down,up,up,down
166.39999999999483,cellular_5g,0.0,0.0,0.4806721882787326,0.8600409612510649,0.8243283397809763,down,down,up,up,down
166.49999999999483,cellular_5g,0.0,0.0,0.4854552448220156,0.8705699514279495,0.8154505934678378,down,down,up,up,down
166.59999999999482,cellular_5g,0.0,0.0,0.4877560827996848,0.8341331754120723,0.8260275117459283,down,down,up,up,down
166.69999999999482,cellular_5g,0.0,0.0,0.4774515841932862,0.898817455846734,0.8043395749742283,down,down,up,up,down
166.7999999999948,cellular_5g,0.0,0.0,0.509413331755039,0.8491215068217007,0.7919088347266052,down,down,up,up,down
166.8999999999948,cellular_5g,0.0,0.0,0.46687594842812385,0.8712057104549227,0.8292756936693974,down,down,up,up,down
166.9999999999948,cellular_5g,0.0,0.0,0.47390107124113484,0.8236070673131046,0.8000179438646925,down,down,up,up,down
167.0999999999948,cellular_5g,0.0,0.0,0.5330296976088355,0.8209899955009852,0.8143388753855907,down,down,up,up,down
167.1999999999948,cellular_5g,0.0,0.0,0.4741460146907093,0.8635703916225871,0.8117670829156964,down,down,up,up,down
167.29999999999478,cellular_5g,0.0,0.0,0.5288854382551276,0.8374504777950671,0.8007357717633582,down,down,up,up,down
167.39999999999478,cellular_5g,0.0,0.0,0.4943252102723622,0.8504483784333011,0.8014524401598871,down,down,up,up,down
167.49999999999477,cellular_5g,0.0,0.0,0.5001738560249305,0.8226755523964435,0.7857633635516457,down,down,up,up,down
167.59999999999476,cellular_5g,0.0,0.0,0.5271948124525417,0.8681263941223382,0.7969469623634716,down,down,up,up,down
167.69999999999476,cellular_5g,0.0,0.0,0.5185623216129045,0.8539329988594382,0.7816734164580796,down,down,up,up,down
167.79999999999475,cellular_5g,0.0,0.0,0.5353486536905376,0.8729614813100494,0.7889973496483569,down,down,up,up,down
167.89999999999475,cellular_5g,0.0,0.0,0.5247467358022356,0.8275367271039227,0.7646487719463774,down,down,up,up,down
167.99999999999474,cellular_5g,0.0,0.0,0.548567868936739,0.8652405078773194,0.8401803764023208,down,down,up,up,down
168.09999999999474,cellular_5g,0.0,0.0,0.5344314141480243,0.849361083217325,0.7745085732137709,down,down,up,up,down
168.19999999999473,cellular_5g,0.0,0.0,0.5136511286966262,0.8977816724143234,0.7934812957992816,down,down,up,up,down
168.29999999999472,cellular_5g,0.0,0.0,0.4699605498959582,0.8776218974603514,0.8138883918335055,down,down,up,up,down
168.39999999999472,cellular_5g,0.0,0.0,0.5133121880251644,0.8260974901207002,0.821355554172908,down,down,up,up,down
168.4999999999947,cellular_5g,0.0,0.0,0.5418290496557964,0.8484342777753886,0.7982666926938643,down,down,up,up,down
168.5999999999947,cellular_5g,0.0,0.0,0.5564207676832499,0.8317036469520702,0.7907244462118808,down,down,up,up,down
168.6999999999947,cellular_5g,0.0,0.0,0.4967042787081348,0.833754800575918,0.7938397322675191,down,down,up,up,down
168.7999999999947,cellular_5g,0.0,0.0,0.4971511703091295,0.8325670895886244,0.8095612417894534,down,down,up,up,down
168.8999999999947,cellular_5g,0.0,0.0,0.5454197295760701,0.8797699403646476,0.8175851542713112,down,down,up,up,down
168.99999999999469,cellular_5g,0.0,0.0,0.5259237528236136,0.8513293385992251,0.7673804910061185,down,down,up,up,down
169.09999999999468,cellular_5g,0.0,0.0,0.5460309360710122,0.8267256152949011,0.783843511784642,down,down,up,up,down
169.19999999999467,cellular_5g,0.0,0.0,0.5240829640679263,0.8588644597976159,0.8037537092736686,down,down,up,up,down
169.29999999999467,cellular_5g,0.0,0.0,0.5537964958904428,0.8391645175297396,0.8055526650561603,down,down,up,up,down
169.39999999999466,cellular_5g,0.0,0.0,0.5296718519049739,0.8361740144928582,0.7997297893208661,down,down,up,up,down
169.49999999999466,cellular_5g,0.0,0.0,0.5664455976012277,0.8441937038106077,0.811364025557382,down,down,up,up,down
169.59999999999465,cellular_5g,0.0,0.0,0.552249429132321,0.8808236037194284,0.8229621995206119,down,down,up,up,down
169.69999999999465,cellular_5g,0.0,0.0,0.5335173352670143,0.8430683000436008,0.7982403661775079,down,down,up,up,down
169.79999999999464,cellular_5g,0.0,0.0,0.5221585627694495,0.8529263499658926,0.7845498398360634,down,down,up,up,down
169.89999999999463,cellular_5g,0.0,0.0,0.5375487755090086,0.8042435777114314,0.8109646183557496,down,down,up,up,down
169.99999999999463,cellular_5g,0.0,0.0,0.5474166341426221,0.853664084067663,0.8107245578448576,down,down,up,up,down
170.09999999999462,cellular_5g,0.0,0.0,0.5442788559186877,0.8477330005312641,0.7695602238339811,down,down,up,up,down
170.19999999999462,cellular_5g,0.0,0.0,0.5254295429066783,0.8200628011123221,0.811383229675847,down,down,up,up,down
170.2999999999946,cellular_5g,0.0,0.11929217257033926,0.5623886047223852,0.8716173900488651,0.8066010122327976,down,attaching,up,up,down
170.3999999999946,cellular_5g,0.0,0.08558786692271206,0.5517900282425441,0.8001605531872864,0.7939419094915774,down,attaching,up,up,down
170.4999999999946,cellular_5g,0.0,0.09148834422244008,0.5487238548586899,0.823560250826956,0.8317035075585268,down,attaching,up,up,down
170.5999999999946,cellular_5g,0.0,0.04791817743464435,0.5592690399539347,0.8610399973432208,0.8263009207240571,down,down,up,up,down
170.6999999999946,cellular_5g,0.0,0.10010223570534613,0.5576976796115031,0.8618344895880545,0.7899131022943127,down,attaching,up,up,down
170.79999999999458,cellular_5g,0.0,0.0857096833124146,0.5433468554831725,0.849818226493897,0.7953153917138142,down,attaching,up,up,down
170.89999999999458,cellular_5g,0.0,0.10353218470081416,0.5482283832491325,0.8210380228798805,0.7802090045450637,down,attaching,up,up,down
170.99999999999457,cellular_5g,0.0,0.10109760838833708,0.5384796465952357,0.8593371800155556,0.8026686882029261,down,attaching,up,up,down
171.09999999999457,cellular_5g,0.0,0.11224923055176247,0.50673940624213,0.836628020613665,0.7996900525203169,down,attaching,up,up,down
171.19999999999456,cellular_5g,0.0,0.09121660463032093,0.550029058140052,0.8818300536970166,0.7543503411850834,down,attaching,up,up,down
171.29999999999455,cellular_5g,0.0,0.05346698284238229,0.5606383226853581,0.8745766419017917,0.76657319135976,down,down,up,up,down
171.39999999999455,cellular_5g,0.0,0.07698327250548793,0.5684638326104084,0.8280794998350102,0.7909281465846789,down,down,up,up,down
171.49999999999454,cellular_5g,0.0,0.13552279436028308,0.5383268874739562,0.8616103553214567,0.791496698800877,down,attaching,up,up,down
171.59999999999454,cellular_5g,0.0,0.12187984185991993,0.5366805870824632,0.8523240221206619,0.7543416408942472,down,attaching,up,up,down
171.69999999999453,cellular_5g,0.0,0.11105763189213605,0.5234136913701348,0.8592121038679081,0.8222386615480163,down,attaching,up,up,down
171.79999999999453,cellular_5g,0.0,0.08609422069165866,0.5232064246847656,0.838207607261004,0.7888863198214853,down,attaching,up,up,down
171.89999999999452,cellular_5g,0.0,0.09011805934287445,0.5239946163179553,0.8499656782900411,0.8079168615114081,down,attaching,up,up,down
171.99999999999451,cellular_5g,0.0,0.06911200245068087,0.5401247422943425,0.8763275359617434,0.8114588389311946,down,down,up,up,down
172.0999999999945,cellular_5g,0.0,0.0832571649865745,0.5873148516365839,0.8777211479051028,0.8045787215198238,down,attaching,up,up,down
172.1999999999945,cellular_5g,0.0,0.09864738711018646,0.5684999664476476,0.8266563272568144,0.8074181894241103,down,attaching,up,up,down
172.2999999999945,cellular_5g,0.0,0.06430594715316432,0.5268116314530965,0.8469329371828859,0.8221535046533415,down,down,up,up,down
172.3999999999945,cellular_5g,0.0,0.07180104054529934,0.5332131403408673,0.8335434535421093,0.7961802748108612,down,down,up,up,down
172.4999999999945,cellular_5g,0.0,0.1244696478013374,0.5343768736199982,0.8445474839957535,0.7688885519695088,down,attaching,up,up,down
172.59999999999448,cellular_5g,0.0,0.06870797426480912,0.5401428309250008,0.8563658133598195,0.7880581637766713,down,down,up,up,down
172.69999999999447,cellular_5g,0.0,0.0713033049587672,0.5461091310300134,0.8567055605755081,0.8246058389703831,down,down,up,up,down
172.79999999999447,cellular_5g,0.0,0.12552479254846602,0.5611422925360341,0.8457401448653259,0.8203603454136638,down,attaching,up,up,down
172.89999999999446,cellular_5g,0.0,0.0759542446917294,0.506425042896465,0.8424562403990806,0.7870072266290516,down,down,up,down,down
172.99999999999446,cellular_5g,0.0,0.12153604700865124,0.5470534811547322,0.8526419289059474,0.8178186608682796,down,attaching,up,down,down
173.09999999999445,cellular_5g,0.0,0.14645180281461165,0.5453797617918349,0.8526380876663225,0.8137175657409401,down,attaching,up,down,down
173.19999999999445,cellular_5g,0.0,0.12209681140938641,0.553742799323609,0.05,0.7999587052521989,down,attaching,up,down,down
173.29999999999444,cellular_5g,0.0,0.15218992790880143,0.5451677778044677,0.8390379546602958,0.8025474196185208,down,attaching,up,down,down
173.39999999999444,cellular_5g,0.0,0.18679399049846132,0.5124179363169193,0.8183254914205037,0.7827494124997033,down,attaching,up,down,down
173.49999999999443,cellular_5g,0.0,0.1830235718832295,0.5757096797772442,0.8453491812509288,0.8194942688394595,down,attaching,up,down,down
173.59999999999442,cellular_5g,0.0,0.24373534216455184,0.5627288494305819,0.8164467742073019,0.8398425845358476,down,attaching,up,down,down
173.69999999999442,cellular_5g,0.0,0.21404275966563766,0.5092872140445976,0.8587016425199453,0.8344231954250106,down,attaching,up,down,down
173.7999999999944,cellular_5g,0.0,0.22810939989230866,0.5188389719593167,0.8430406472999054,0.8254247601649126,down,attaching,up,down,down
173.8999999999944,cellular_5g,0.0,0.25399556639133253,0.5279240810995904,0.8831308462298244,0.8179491092708445,down,up,up,down,down
173.9999999999944,cellular_5g,0.0,0.27859628893596594,0.5451462744660651,0.8574216905163091,0.7386191803828169,down,up,up,down,down
174.0999999999944,cellular_5g,0.0,0.3058801385288511,0.5245654886231719,0.8451167475355484,0.7875673455180402,down,up,up,down,down
174.1999999999944,cellular_5g,0.0,0.3568363689150953,0.5140094144460147,0.8310749683996528,0.7815699390759457,down,up,up,down,down
174.29999999999438,cellular_5g,0.0,0.32815485006356937,0.4864081904835936,0.8561263501210316,0.8057860834534994,down,up,up,down,down
174.39999999999438,cellular_5g,0.0,0.42464651492919075,0.4772390236317369,0.8614675452580091,0.8031744100946109,down,up,up,down,down
174.49999999999437,cellular_5g,0.0,0.4360944192602528,0.5200519192257945,0.8431430619143272,0.793323827512571,down,up,up,down,down
174.59999999999437,cellular_5g,0.0,0.4478766514894875,0.5378373876132886,0.849692261263998,0.8060821268688081,down,up,up,down,down
174.69999999999436,cellular_5g,0.0,0.46169913534768164,0.5119920862927927,0.8615002981668319,0.7964196710808414,down,up,up,down,down
174.79999999999436,cellular_5g,0.0,0.4229605804290436,0.509931479119727,0.8582065189025774,0.811810716463106,down,up,up,down,down
174.89999999999435,cellular_5g,0.0,0.455400128773892,0.5054027205724,0.8475627981304835,0.8485281539036227,down,up,up,down,down
174.99999999999434,cellular_5g,0.0,0.5310537094231806,0.5572182100321603,0.8733796140424063,0.8336734958772762,down,up,up,down,down
175.09999999999434,cellular_5g,0.0,0.5346586339669471,0.5052314465940907,0.8161555335876962,0.7794627268296039,down,up,up,down,down
175.19999999999433,cellular_5g,0.0,0.5445557037136348,0.5093585677290082,0.862313848953197,0.8049920531604832,down,up,up,down,down
175.29999999999433,cellular_5g,0.0,0.5508423461893175,0.52563644967795,0.8367740112492801,0.8223185819831448,down,up,up,down,down
175.39999999999432,cellular_5g,0.0,0.548113183888599,0.5161488838482109,0.8514778535709421,0.8062665159273102,down,up,up,down,down
175.49999999999432,cellular_5g,0.0,0.5233938093982381,0.5359366452152665,0.8609924065827547,0.7933162627590322,down,up,up,down,down
175.5999999999943,cellular_5g,0.0,0.5422987353751644,0.5336121665704351,0.8870407311974056,0.8134341750419526,down,up,up,down,down
175.6999999999943,cellular_5g,0.0,0.5539817794057033,0.5347713116902745,0.8403013595778929,0.7949598424500123,down,up,up,down,down
175.7999999999943,cellular_5g,0.0,0.4833927588963949,0.4937897272896254,0.8376685967509997,0.7802653904826512,down,up,up,down,down
175.8999999999943,cellular_5g,0.0,0.563641986910134,0.5201099544002941,0.8392559863265224,0.7973656955185584,down,up,up,down,down
175.9999999999943,cellular_5g,0.0,0.5192897371368431,0.5515833136555139,0.8448577105408214,0.7978557414001394,down,up,up,down,down
176.09999999999428,cellular_5g,0.0,0.5997054552421451,0.5251177707293943,0.8667566524344515,0.791922085579412,down,up,up,down,down
176.19999999999428,cellular_5g,0.0,0.5244876823544231,0.5091009911192111,0.823177711972377,0.785378759806549,down,up,up,down,down
176.29999999999427,cellular_5g,0.0,0.5603098745868802,0.48862935950789504,0.873902091153103,0.7975655388195009,down,up,up,down,down
176.39999999999426,cellular_5g,0.0,0.526421618980579,0.5439827808011143,0.8454623814595402,0.78674569373877,down,up,up,down,down
176.49999999999426,cellular_5g,0.0,0.562759165325357,0.5193860021011816,0.8551528550741845,0.8018735194231904,down,up,up,down,down
176.59999999999425,cellular_5g,0.0,0.5541101604986933,0.5448733744114463,0.8490747956014334,0.8030339134397815,down,up,up,down,down
176.69999999999425,cellular_5g,0.0,0.5339433881100362,0.5146248658103832,0.8554912517757146,0.8064793251413971,down,up,up,down,down
176.79999999999424,cellular_5g,0.0,0.5313774624820427,0.5197307150207422,0.8640065444850261,0.7979060585410195,down,up,up,down,down
176.89999999999424,cellular_5g,0.0,0.5655642059512538,0.5393739358090187,0.8855976025838714,0.8016902224560165,down,up,up,down,down
176.99999999999423,cellular_5g,0.0,0.5612597150314077,0.5282764800996744,0.843468967114882,0.7798401099674531,down,up,up,down,down
177.09999999999422,cellular_5g,0.0,0.5812881963927893,0.48429812259310295,0.8628067193082132,0.802956999805649,down,up,up,down,down
177.19999999999422,cellular_5g,0.0,0.5489461906190589,0.49914757584662994,0.8433595999915936,0.8146732962320117,down,up,up,down,down
177.2999999999942,cellular_5g,0.0,0.5776609172990363,0.514676936865778,0.8409494910335444,0.8066529650055366,down,up,up,down,down
177.3999999999942,cellular_5g,0.0,0.5461273455552931,0.5445503674904296,0.847927472220493,0.8024937544851235,down,up,up,down,down
177.4999999999942,cellular_5g,0.0,0.5254969607407645,0.5394156150436848,0.868258457834892,0.8195754204156787,down,up,up,down,down
177.5999999999942,cellular_5g,0.0,0.5435694570013855,0.49975250679416633,0.8402860549042022,0.7892598638315651,down,up,up,down,down
177.6999999999942,cellular_5g,0.0,0.5836183964247459,0.5184960700237212,0.8560043792214711,0.7967376999839355,down,up,up,down,down
177.79999999999418,cellular_5g,0.0,0.5748511544739321,0.49490359318030613,0.8546386713496272,0.7922217733381539,down,up,up,down,down
177.89999999999418,cellular_5g,0.0,0.627929197661531,0.5239992015939393,0.8332126464492883,0.7849168813432146,down,up,up,down,down
177.99999999999417,cellular_5g,0.0,0.5711367080252755,0.4925916823097623,0.845996031396766,0.785436469998246,down,up,up,down,down
178.09999999999417,cellular_5g,0.0,0.5983619547933905,0.5380303338168995,0.8769277402226542,0.8100160903159477,down,up,up,down,down
178.19999999999416,cellular_5g,0.0,0.5796517003784947,0.5228782389212145,0.8596837139774499,0.8065191274117198,down,up,up,down,down
178.29999999999416,cellular_5g,0.0,0.5467949863001318,0.5140228132320905,0.8305662549721123,0.7984974972510868,down,up,up,down,down
178.39999999999415,cellular_5g,0.0,0.5730387941970804,0.49993140473070413,0.8602873852665449,0.821137121570526,down,up,up,down,down
178.49999999999415,cellular_5g,0.0,0.6106901938318205,0.5214354492933267,0.8622513330976607,0.7644172016050824,down,up,up,down,down
178.59999999999414,cellular_5g,0.0,0.6003124130355098,0.5170284047859233,0.8343992669275933,0.7754156549903999,down,up,up,down,down
178.69999999999413,cellular_5g,0.0,0.5597009443564744,0.5174412861905734,0.8490732551925982,0.8363770459790903,down,up,up,down,down
178.79999999999413,cellular_5g,0.0,0.5795849124060783,0.5101584787928519,0.8346512754088494,0.7688451439845256,down,up,up,down,down
178.89999999999412,cellular_5g,0.0,0.601583914896241,0.5446173940605686,0.8414953746886215,0.8127517202078991,down,up,up,down,down
178.99999999999412,cellular_5g,0.0,0.5821429419420324,0.5231515509168682,0.821971141745574,0.77757878815851,down,up,up,down,down
179.0999999999941,cellular_5g,0.0,0.6165958417811013,0.5218522812879669,0.8529335866017598,0.7887240080197923,down,up,up,down,down
179.1999999999941,cellular_5g,0.0,0.5755790783708749,0.5257777582373371,0.8637655746619238,0.8000855968416081,down,up,up,down,down
179.2999999999941,cellular_5g,0.0,0.5674417748683677,0.5402474110804545,0.8689112344548117,0.8164654396537758,down,up,up,down,down
179.3999999999941,cellular_5g,0.0,0.5781173590896935,0.5372363397710765,0.839965060615785,0.7943873260002026,down,up,up,down,down
179.4999999999941,cellular_5g,0.0,0.5774941770061804,0.5361758809005377,0.7885659375427256,0.7793575829511672,down,up,up,down,down
179.59999999999408,cellular_5g,0.0,0.5852227793546074,0.522567139633907,0.8542690753278044,0.8086534972011213,down,up,up,down,down
179.69999999999408,cellular_5g,0.0,0.5717149130602938,0.5159976407989985,0.8387653989234414,0.7977661903291733,down,up,up,down,down
179.79999999999407,cellular_5g,0.0,0.6356329854088647,0.5297399428840472,0.8549628683193249,0.8194851277188203,down,up,up,down,down
179.89999999999407,cellular_5g,0.0,0.6024965707225156,0.4945915923331725,0.8968431762979742,0.8005202886980822,down,up,up,down,down
179.99999999999406,cellular_5g,0.0,0.6457336662916024,0.5163874687290587,0.8320067594534927,0.8112299835737616,down,up,up,down,down
180.09999999999405,cellular_5g,0.0,0.600337293152231,0.49249220823819284,0.8416457963926232,0.7861913814317562,down,up,up,down,down
180.19999999999405,cellular_5g,0.0,0.6249764078518826,0.5218874299819877,0.8374075374032939,0.8177534418906794,down,up,up,down,down
180.29999999999404,cellular_5g,0.0,0.630890413764322,0.5008580182621367,0.8467952577982631,0.7765387836624735,down,up,up,down,down
180.39999999999404,cellular_5g,0.0,0.5874059125263505,0.5196446864218828,0.8527342434643502,0.8236034789109371,down,up,up,down,down
180.49999999999403,cellular_5g,0.0,0.6059830021152731,0.4917998820332241,0.8194072573999693,0.7716594142661608,down,up,up,down,down
180.59999999999403,cellular_5g,0.0,0.5806536560740254,0.5537330558653317,0.8157294349075741,0.8118560117443696,down,up,up,down,down
180.69999999999402,cellular_5g,0.0,0.6416147514360828,0.5235196246667266,0.8811848432606091,0.7817224113403258,down,up,up,down,down
180.79999999999401,cellular_5g,0.0,0.6397039673697321,0.5404501579142766,0.854712683904197,0.806557985898915,down,up,up,down,down
180.899999999994,cellular_5g,0.0,0.5861063246700133,0.5054728580518076,0.8491474475795531,0.8112085943291703,down,up,up,down,down
180.999999999994,cellular_5g,0.0,0.5931868624140065,0.5249022481909416,0.8075403565073616,0.8245793815961293,down,up,up,down,down
181.099999999994,cellular_5g,0.0,0.6367020114665026,0.5234219144554948,0.8623384047112974,0.8316042313056582,down,up,up,down,down
181.199999999994,cellular_5g,0.0,0.573217457931644,0.5370647853740936,0.8297579662681739,0.8270304889448296,down,up,up,down,down
181.299999999994,cellular_5g,0.0,0.6592698696685042,0.47424498795899384,0.8542836113045412,0.7910849558236391,down,up,up,down,down
181.39999999999398,cellular_5g,0.0,0.584559757734711,0.5310258807755003,0.8497590229832154,0.8161758962243763,down,up,up,down,down
181.49999999999397,cellular_5g,0.0,0.6163691737874213,0.5143533061422019,0.8644138500689996,0.8203602441986494,down,up,up,down,down
181.59999999999397,cellular_5g,0.0,0.6108166133737468,0.49348041001008,0.842195415362051,0.7854538153310445,down,up,up,down,down
181.69999999999396,cellular_5g,0.0,0.6415511561450685,0.5167433659339485,0.8362187080450321,0.814576316908862,down,up,up,down,down
181.79999999999396,cellular_5g,0.0,0.6412658124778176,0.4973404838859355,0.8439230783748396,0.8093611578679568,down,up,up,down,down
181.89999999999395,cellular_5g,0.0,0.666569121059616,0.49293538607442655,0.8412169113837181,0.8274986305305838,down,up,up,down,down
181.99999999999395,cellular_5g,0.0,0.6760535787032321,0.5265081940981022,0.839126477511424,0.7847774999580073,down,up,up,down,down
182.09999999999394,cellular_5g,0.0,0.6350603924624016,0.4762453218423465,0.8258188468341086,0.7820168986572725,down,up,up,down,down
182.19999999999393,cellular_5g,0.0,0.6177367260028351,0.5314824508635203,0.8610610559954281,0.7884500570766408,down,up,up,down,down
182.29999999999393,cellular_5g,0.0,0.6197111799929976,0.5329573752859733,0.8658932215043548,0.7832854662543423,down,up,up,down,down
182.39999999999392,cellular_5g,0.0,0.6177991187564491,0.49006207190515794,0.8457212186716125,0.7757138476808292,down,up,up,down,down
182.49999999999392,cellular_5g,0.0,0.6400227576249709,0.5177587798673219,0.8430805061878275,0.786441409977462,down,up,up,down,down
182.5999999999939,cellular_5g,0.0,0.6825144791278991,0.46615645372808473,0.836115438641977,0.8081243999094454,down,up,up,down,down
182.6999999999939,cellular_5g,0.0,0.678785894884728,0.5318889085934236,0.8318590350228479,0.7872441944598944,down,up,up,down,down
182.7999999999939,cellular_5g,0.0,0.6545280923279609,0.5181071039113968,0.8444572683107192,0.8026374653352065,down,up,up,down,down
182.8999999999939,cellular_5g,0.0,0.6288738215613359,0.5201960248739596,0.9077569545829453,0.803929519327456,down,up,up,down,down
182.9999999999939,cellular_5g,0.0,0.6906814106362885,0.5012033449828928,0.8528401114075541,0.8225428083020938,down,up,up,down,down
183.09999999999388,cellular_5g,0.0,0.6509509521623725,0.511541616626433,0.8432073762503851,0.7868349974540577,down,up,up,down,down
183.19999999999388,cellular_5g,0.0,0.6440360766827844,0.5140550859744087,0.8579604426367072,0.8415714340801994,down,up,up,down,down
183.29999999999387,cellular_5g,0.0,0.647621424201791,0.5101091353531174,0.8761030978634287,0.7868628959450791,down,up,up,down,down
183.39999999999387,cellular_5g,0.0,0.6412244662190437,0.5200634182984996,0.8162138660741262,0.8206229370050502,down,up,up,down,down
183.49999999999386,cellular_5g,0.0,0.6038921767728006,0.5007764876954238,0.8873873697411,0.7913473091622617,down,up,up,down,down
183.59999999999386,cellular_5g,0.0,0.6813646271218138,0.5310857834114645,0.879099021391359,0.7534769777120648,down,up,up,down,down
183.69999999999385,cellular_5g,0.0,0.6700383639263636,0.4646210589442933,0.8541665652705793,0.7905953083698952,down,up,up,down,down
183.79999999999384,cellular_5g,0.0,0.6912089050741065,0.5146855490812985,0.8573429597317533,0.7840471360867821,down,up,up,down,down
183.89999999999384,cellular_5g,0.0,0.6906014619084629,0.4854502164624552,0.8401784843588422,0.7812457016622744,down,up,up,down,down
183.99999999999383,cellular_5g,0.0,0.6565643407977383,0.472755440728337,0.8531915611208483,0.7824201607709647,down,up,up,down,down
184.09999999999383,cellular_5g,0.0,0.6902425220234699,0.4960478119384325,0.8449721211099135,0.808690480923108,down,up,up,down,down
184.19999999999382,cellular_5g,0.0,0.6977034767447631,0.49778094947825624,0.8761230294986981,0.7916728542370792,down,up,up,down,down
184.29999999999382,cellular_5g,0.0,0.6826608669203729,0.5054171724758058,0.823539534927196,0.8070692693794577,down,up,up,down,down
184.3999999999938,cellular_5g,0.0,0.6820093503393594,0.47375264646858883,0.8752508867556238,0.7758551752306648,down,up,up,down,down
184.4999999999938,cellular_5g,0.0,0.7205571392046858,0.4877268637149217,0.8564150920365527,0.7962728674293221,down,up,up,down,down
184.5999999999938,cellular_5g,0.0,0.7064045272873832,0.5185523004030256,0.8684186998468133,0.7793068890906858,down,up,up,down,down
184.6999999999938,cellular_5g,0.0,0.7011822521829598,0.47429801177536346,0.8568835214781315,0.8091530797564237,down,up,up,down,down
184.7999999999938,cellular_5g,0.0,0.6972283368697736,0.5214833154069305,0.8513456541372528,0.8140209900800326,down,up,up,down,down
184.89999999999378,cellular_5g,0.0,0.6967022667026829,0.514630665013029,0.8384338432538483,0.778484676698414,down,up,up,down,down
184.99999999999378,cellular_5g,0.0,0.721267788737374,0.5122134582838,0.8581354111196715,0.8347368044393685,down,up,up,down,down
185.09999999999377,cellular_5g,0.0,0.7069725689045653,0.5218105034696524,0.865079507578083,0.7931798311533297,down,up,up,down,down
185.19999999999376,cellular_5g,0.0,0.7098614000074022,0.5006642613083884,0.8743002046184507,0.7838007087736697,down,up,up,down,down
185.29999999999376,cellular_5g,0.0,0.6537850977599756,0.4918622498721683,0.8298190520891315,0.811604496084033,down,up,up,down,down
185.39999999999375,cellular_5g,0.0,0.7112915111442973,0.5171756891832743,0.8565699676966759,0.7978385693482626,down,up,up,down,down
185.49999999999375,cellular_5g,0.0,0.7600547372195223,0.49330240405194187,0.8377561552737357,0.7815044986529384,down,up,up,down,down
185.59999999999374,cellular_5g,0.0,0.7544168548212695,0.5155047735516035,0.8381320444102425,0.7991627614904813,down,up,up,down,down
185.69999999999374,cellular_5g,0.0,0.7474790976794186,0.5093439662999188,0.8743187246245974,0.7967334315476444,down,up,up,down,down
185.79999999999373,cellular_5g,0.0,0.6788434466852387,0.5078782769504164,0.8147293043028736,0.8190314889760815,down,up,up,down,down
185.89999999999372,cellular_5g,0.0,0.7074933128056691,0.4806165840938814,0.874063594732268,0.8216900939473979,down,up,up,down,down
185.99999999999372,cellular_5g,0.0,0.7093169532711796,0.5197242438714761,0.8387413378522934,0.7927511357474953,down,up,up,down,down
186.0999999999937,cellular_5g,0.0,0.6674038927977355,0.5005962488583936,0.8328860126510492,0.7898510525625638,down,up,up,down,down
186.1999999999937,cellular_5g,0.0,0.6851166865509274,0.48756945140372066,0.8393852713787727,0.7849308877506747,down,up,up,down,down
186.2999999999937,cellular_5g,0.0,0.7488691606456674,0.5148732659049915,0.8486371525129398,0.7768025766677719,down,up,up,down,down
186.3999999999937,cellular_5g,0.0,0.701258947880833,0.502416131032991,0.8148452007386969,0.8117879890796252,down,up,up,down,down
186.4999999999937,cellular_5g,0.0,0.7484673857345081,0.45860101753144844,0.8393128396657269,0.7889875533936124,down,up,up,down,down
186.59999999999368,cellular_5g,0.0,0.7833052716905409,0.49697246832344033,0.8572738543882517,0.844138147311146,down,up,up,down,down
186.69999999999368,cellular_5g,0.0,0.7152900032676197,0.46721504558252774,0.827514445811703,0.7931380837312648,down,up,up,down,down
186.79999999999367,cellular_5g,0.0,0.7679012021284303,0.5165350307165804,0.828314791332785,0.7977605738294054,down,up,up,down,down
186.89999999999367,cellular_5g,0.0,0.7586091679432011,0.5269040218372086,0.8396473589729937,0.8315780796046712,down,up,up,down,down
186.99999999999366,cellular_5g,0.0,0.7768545329926099,0.46301285328603087,0.8518051917580001,0.8274670514857867,down,up,up,down,down
187.09999999999366,cellular_5g,0.0,0.7389592445083906,0.4765116350429463,0.0,0.0,down,up,up,down,down
187.19999999999365,cellular_5g,0.0,0.7612626776154693,0.5074865958118135,0.0,0.0,down,up,up,down,down
187.29999999999364,cellular_5g,0.0,0.7309519391698167,0.5056817654739438,0.0,0.0,down,up,up,down,down
187.39999999999364,cellular_5g,0.0,0.7273996532562812,0.501187799813419,0.0,0.0,down,up,up,down,down
187.49999999999363,cellular_5g,0.0,0.7738445449901779,0.4923795882317833,0.0,0.0,down,up,up,down,down
187.59999999999363,cellular_5g,0.0,0.7358292943583429,0.47043225800669575,0.0,0.0,down,up,up,down,down
187.69999999999362,cellular_5g,0.0,0.7635244939336869,0.4931612234597856,0.0,0.0,down,up,up,down,down
187.79999999999362,cellular_5g,0.0,0.7902897593395168,0.4804419188990539,0.0,0.0,down,up,up,down,down
187.8999999999936,cellular_5g,0.0,0.7848269496885102,0.5016871822552156,0.0,0.0,down,up,up,down,down
187.9999999999936,cellular_5g,0.0,0.7496646771024629,0.5034834634943627,0.0,0.0,down,up,up,down,down
188.0999999999936,cellular_5g,0.0,0.7275025217315866,0.4929468349457704,0.0,0.0,down,up,up,down,down
188.1999999999936,cellular_5g,0.0,0.791542162527195,0.5006112657682834,0.0,0.0,down,up,up,down,down
188.2999999999936,cellular_5g,0.0,0.790518913141922,0.4761191754033578,0.0,0.0,down,up,up,down,down
188.39999999999358,cellular_5g,0.0,0.7958502391857033,0.49650318315094266,0.0,0.0,down,up,up,down,down
188.49999999999358,cellular_5g,0.0,0.8053978336414703,0.48758749858066947,0.0,0.0,down,up,up,down,down
188.59999999999357,cellular_5g,0.0,0.777318996788065,0.4764587993398342,0.0,0.0,down,up,up,down,down
188.69999999999357,cellular_5g,0.0,0.7479942776276542,0.5112365929758781,0.0,0.0,down,up,up,down,down
188.79999999999356,cellular_5g,0.0,0.7690546798404145,0.47413728705459673,0.0,0.0,down,up,up,down,down
188.89999999999355,cellular_5g,0.0,0.7804944639851825,0.48469766776653783,0.0,0.0,down,up,up,down,down
188.99999999999355,cellular_5g,0.0,0.7822672672077953,0.4648983002408227,0.0,0.0,down,up,up,down,down
189.09999999999354,cellular_5g,0.0,0.7862858757469183,0.4950983331043207,0.0,0.0,down,up,up,down,down
189.19999999999354,cellular_5g,0.0,0.7916519741483661,0.47283298559261083,0.0,0.0,down,up,up,down,down
189.29999999999353,cellular_5g,0.0,0.8121102282238122,0.48337192946111657,0.0,0.0,down,up,up,down,down
189.39999999999353,cellular_5g,0.0,0.8582579276219386,0.5105634374474357,0.0,0.0,down,up,up,down,down
189.49999999999352,cellular_5g,0.0,0.8360523859611947,0.5106331087315368,0.0,0.0,down,up,up,down,down
189.5999999999935,cellular_5g,0.0,0.7960961424777585,0.506145274567154,0.0,0.0,down,up,up,down,down
189.6999999999935,cellular_5g,0.0,0.8215073240985074,0.4731703056060252,0.0,0.0,down,up,up,down,down
189.7999999999935,cellular_5g,0.0,0.7952885719227538,0.5016763879441981,0.0,0.0,down,up,up,down,down
189.8999999999935,cellular_5g,0.0,0.7984238119049174,0.5486667794839545,0.0,0.0,down,up,up,down,down
189.9999999999935,cellular_5g,0.0,0.8549342844780412,0.4910692415296316,0.0,0.0,down,up,up,down,down
190.09999999999349,cellular_5g,0.0,0.8428039602269598,0.47584593250971124,0.0,0.0,down,up,up,down,down
190.19999999999348,cellular_5g,0.0,0.811406857669159,0.49191969947571834,0.0,0.0,down,up,up,down,down
190.29999999999347,cellular_5g,0.0,0.8105588736287717,0.4735711291104255,0.0,0.0,down,up,up,down,down
190.39999999999347,cellular_5g,0.0,0.7959027526799419,0.48431540612079205,0.0,0.0,down,up,up,down,down
190.49999999999346,cellular_5g,0.0,0.8340983002362667,0.48913218957271737,0.0,0.0,down,up,up,down,down
190.59999999999346,cellular_5g,0.0,0.861550403296719,0.4843352498360488,0.0,0.0,down,up,up,down,down
190.69999999999345,cellular_5g,0.0,0.8633655234468673,0.49352589910351097,0.0,0.0,down,up,up,down,down
190.79999999999345,cellular_5g,0.0,0.8627885461649202,0.4483488671764764,0.0,0.0,down,up,up,down,down
190.89999999999344,cellular_5g,0.0,0.8832929024801505,0.5377879709345302,0.0,0.0,down,up,up,down,down
190.99999999999343,cellular_5g,0.0,0.8601143608685664,0.4942956428774545,0.0,0.0,down,up,up,down,down
191.09999999999343,cellular_5g,0.0,0.8720304889314257,0.4840869663070086,0.0,0.0,down,up,up,down,down
191.19999999999342,cellular_5g,0.0,0.8899711851657148,0.4964954734870253,0.0,0.0,down,up,up,down,down
191.29999999999342,cellular_5g,0.0,0.8436315937068901,0.4932652191862189,0.0,0.0,down,up,up,down,down
191.3999999999934,cellular_5g,0.0,0.8711265433744859,0.4840313204008606,0.0,0.0,down,up,up,down,down
191.4999999999934,cellular_5g,0.0,0.8284752903968015,0.4945689264957852,0.0,0.0,down,up,up,down,down
191.5999999999934,cellular_5g,0.0,0.8982036694573339,0.4725650693297123,0.0,0.0,down,up,up,down,down
191.6999999999934,cellular_5g,0.0,0.9089625984050059,0.47444827449815963,0.0,0.0,down,up,up,down,down
191.7999999999934,cellular_5g,0.0,0.8429001873558886,0.49778165819911263,0.0,0.0,down,up,up,down,down
191.89999999999338,cellular_5g,0.0,0.904030894576249,0.5044017543811827,0.0,0.0,down,up,up,down,down
191.99999999999338,cellular_5g,0.0,0.8676089666792384,0.4799664693846671,0.0,0.0,down,up,up,down,down
192.09999999999337,cellular_5g,0.0,0.8420551688898966,0.5224083939333463,0.0,0.0,down,up,up,down,down
192.19999999999337,cellular_5g,0.0,0.8943896292924244,0.46317548797842645,0.0,0.0,down,up,up,down,down
192.29999999999336,cellular_5g,0.0,0.8480108446384411,0.49100793564639333,0.0,0.0,down,up,up,down,down
192.39999999999336,cellular_5g,0.0,0.8699923226932705,0.47725698863036004,0.0,0.0,down,up,up,down,down
192.49999999999335,cellular_5g,0.0,0.9084041763598037,0.4982431256316619,0.0,0.0,down,up,up,down,down
192.59999999999334,cellular_5g,0.0,0.9191881743696391,0.4947322065749307,0.0,0.0,down,up,up,down,down
192.69999999999334,cellular_5g,0.0,0.9152507119677857,0.4871796289437373,0.0,0.0,down,up,up,down,down
192.79999999999333,cellular_5g,0.0,0.885182330915919,0.4640086591057073,0.0,0.0,down,up,up,down,down
192.89999999999333,cellular_5g,0.0,0.8728520581779918,0.5073140780233039,0.0,0.0,down,up,up,down,down
192.99999999999332,cellular_5g,0.0,0.9037426971894474,0.4572083584878055,0.0,0.0,down,up,up,down,down
193.09999999999332,cellular_5g,0.0,0.8955665905257761,0.43938902941514985,0.0,0.0,down,up,up,down,down
193.1999999999933,cellular_5g,0.0,0.9249613003813699,0.5069711295846957,0.0,0.0,down,up,up,down,down
193.2999999999933,cellular_5g,0.0,0.894157874096176,0.5051611091022542,0.0,0.0,down,up,up,down,down
193.3999999999933,cellular_5g,0.0,0.8977102584610893,0.501724508456123,0.0,0.0,down,up,up,down,down
193.4999999999933,cellular_5g,0.0,0.9341357130833876,0.48309483606748727,0.0,0.0,down,up,up,down,down
193.5999999999933,cellular_5g,0.0,0.9038662861392341,0.5124368129120501,0.0,0.0,down,up,up,down,down
193.69999999999328,cellular_5g,0.0,0.9225208727221149,0.467852660338358,0.0,0.0,down,up,up,down,down
193.79999999999328,cellular_5g,0.0,0.9121518431000302,0.4611562626916563,0.0,0.0,down,up,up,down,down
193.89999999999327,cellular_5g,0.0,0.9616858061891064,0.4731087658155991,0.0,0.0,down,up,up,down,down
193.99999999999326,cellular_5g,0.0,0.93019652726646,0.4537545282962742,0.0,0.0,down,up,up,down,down
194.09999999999326,cellular_5g,0.0,0.9596949192838554,0.5123279807224673,0.0,0.0,down,up,up,down,down
194.19999999999325,cellular_5g,0.0,0.9336670985014658,0.47579109268053743,0.0,0.0,down,up,up,down,down
194.29999999999325,cellular_5g,0.0,0.9452312498749864,0.48526935934435983,0.0,0.0,down,up,up,down,down
194.39999999999324,cellular_5g,0.0,0.9374513338968604,0.44428843531240886,0.0,0.0,down,up,up,down,down
194.49999999999324,cellular_5g,0.0,0.9180179304587753,0.49077788063296623,0.0,0.0,down,up,up,down,down
194.59999999999323,cellular_5g,0.0,0.9172065724536175,0.48410446195796114,0.0,0.0,down,up,up,down,down
194.69999999999322,cellular_5g,0.0,0.9257390939491656,0.45356840876022375,0.0,0.0,down,up,up,down,down
194.79999999999322,cellular_5g,0.0,0.9491370148468086,0.48963843127284434,0.0,0.0,down,up,up,down,down
194.8999999999932,cellular_5g,0.0,0.91081583282054,0.4748461200405021,0.0,0.0,down,up,up,down,down
194.9999999999932,cellular_5g,0.0,0.9805832199628958,0.4804781797349031,0.0,0.0,down,up,up,down,down
195.0999999999932,cellular_5g,0.0,0.9402148724066537,0.49389082163663545,0.0,0.0,down,up,up,down,down
195.1999999999932,cellular_5g,0.0,0.9229036823175207,0.4692045136055032,0.0,0.0,down,up,up,down,down
195.2999999999932,cellular_5g,0.0,0.9121974176847789,0.4979285763522478,0.0,0.0,down,up,up,down,down
195.39999999999318,cellular_5g,0.0,0.9528547494808535,0.47950193933768614,0.0,0.0,down,up,up,down,down
195.49999999999318,cellular_5g,0.0,0.9204335515887607,0.4835534698901381,0.0,0.0,down,up,up,down,down
195.59999999999317,cellular_5g,0.0,0.8942662651463283,0.5011928728103726,0.0,0.0,down,up,up,down,down
195.69999999999317,cellular_5g,0.0,0.8943331984709703,0.4696227358763659,0.0,0.0,down,up,up,down,down
195.79999999999316,cellular_5g,0.0,0.9148220066282885,0.4614860249929922,0.0,0.0,down,up,up,down,down
195.89999999999316,cellular_5g,0.0,0.9061568515631979,0.4877121294989536,0.0,0.0,down,up,up,down,down
195.99999999999315,cellular_5g,0.0,0.8983770896046558,0.47481030465737833,0.0,0.0,down,up,up,down,down
196.09999999999314,cellular_5g,0.0,0.9020249667388519,0.43715288370623256,0.0,0.0,down,up,up,down,down
196.19999999999314,cellular_5g,0.0,0.9077071130255184,0.4188551278489834,0.0,0.0,down,up,up,down,down
196.29999999999313,cellular_5g,0.0,0.9339824261401333,0.48254144163260404,0.0,0.0,down,up,up,down,down
196.39999999999313,cellular_5g,0.0,0.8796519141227199,0.4733146433147064,0.0,0.0,down,up,up,down,down
196.49999999999312,cellular_5g,0.0,0.916782066900989,0.48701314115013444,0.0,0.0,down,up,up,down,down
196.59999999999312,cellular_5g,0.0,0.8860229896028642,0.49720735000570104,0.0,0.0,down,up,up,down,down
196.6999999999931,cellular_5g,0.0,0.9305501606371184,0.4622270310215663,0.0,0.0,down,up,up,down,down
196.7999999999931,cellular_5g,0.0,0.8983018771332913,0.47423438719559924,0.0,0.0,down,up,up,down,down
196.8999999999931,cellular_5g,0.0,0.8925604600174439,0.4648273358112152,0.0,0.0,down,up,up,down,down
196.9999999999931,cellular_5g,0.0,0.8894688607199436,0.4557747466183201,0.0,0.0,down,up,up,down,down
197.0999999999931,cellular_5g,0.0,0.868757170705362,0.5175173998836956,0.0,0.0,down,up,up,down,down
197.19999999999308,cellular_5g,0.0,0.863483492497848,0.46513468452834816,0.0,0.0,down,up,up,down,down
197.29999999999308,cellular_5g,0.0,0.9463370176854096,0.47541949675352013,0.0,0.0,down,up,up,down,down
197.39999999999307,cellular_5g,0.0,0.8751151389860506,0.4620764046940147,0.0,0.0,down,up,up,down,down
197.49999999999307,cellular_5g,0.0,0.900958557435024,0.47932017501883367,0.0,0.0,down,up,up,down,down
197.59999999999306,cellular_5g,0.0,0.9272614517987897,0.47775874919350714,0.0,0.0,down,up,up,down,down
197.69999999999305,cellular_5g,0.0,0.8771674208532035,0.4714060470961451,0.0,0.0,down,up,up,down,down
197.79999999999305,cellular_5g,0.0,0.8597016469121626,0.5078442816366683,0.0,0.0,down,up,up,down,down
197.89999999999304,cellular_5g,0.0,0.8780940389812534,0.5050815020019295,0.0,0.0,down,up,up,down,down
197.99999999999304,cellular_5g,0.0,0.8996437294754811,0.4816678397636974,0.0,0.0,down,up,up,down,down
198.09999999999303,cellular_5g,0.0,0.8660917866380226,0.4595759140635573,0.0,0.0,down,up,up,down,down
198.19999999999303,cellular_5g,0.0,0.8704477810371086,0.44810702406321296,0.0,0.0,down,up,up,down,down
198.29999999999302,cellular_5g,0.0,0.829323134700612,0.474158311803576,0.0,0.0,down,up,up,down,down
198.399999999993,cellular_5g,0.0,0.875694295522859,0.4607305128806371,0.0,0.0,down,up,up,down,down
198.499999999993,cellular_5g,0.0,0.8397168313148837,0.45229777144918104,0.0,0.0,down,up,up,down,down
198.599999999993,cellular_5g,0.0,0.8123904212755992,0.4504932012684836,0.0,0.0,down,up,up,down,down
198.699999999993,cellular_5g,0.0,0.8318568766442314,0.4621222105272378,0.0,0.0,down,up,up,down,down
198.799999999993,cellular_5g,0.0,0.8555611958843776,0.46369264018190365,0.0,0.0,down,up,up,down,down
198.89999999999299,cellular_5g,0.0,0.8148955001329306,0.4764467516907925,0.0,0.0,down,up,up,down,down
198.99999999999298,cellular_5g,0.0,0.9150467352054743,0.44821158723138355,0.0,0.0,down,up,up,down,down
199.09999999999297,cellular_5g,0.0,0.8478751442130907,0.4988830236242265,0.0,0.0,down,up,up,down,down
199.19999999999297,cellular_5g,0.0,0.8705359295323308,0.4497359409989346,0.0,0.0,down,up,up,down,down
199.29999999999296,cellular_5g,0.0,0.8462995984644077,0.48793637483639485,0.0,0.0,down,up,up,down,down
199.39999999999296,cellular_5g,0.0,0.8211567892069995,0.48837397454868153,0.0,0.0,down,up,up,down,down
199.49999999999295,cellular_5g,0.0,0.8102335793287858,0.48170461931743036,0.0,0.0,down,up,up,down,down
199.59999999999295,cellular_5g,0.0,0.86560060797636,0.47725825828135754,0.0,0.0,down,up,up,down,down
199.69999999999294,cellular_5g,0.0,0.7768409087623013,0.43616642691797525,0.0,0.0,down,up,up,down,down
199.79999999999293,cellular_5g,0.0,0.8612897462931313,0.47178963631660453,0.0,0.0,down,up,up,down,down
199.89999999999293,cellular_5g,0.0,0.8001484102602969,0.452465776159288,0.0,0.0,down,up,up,down,down
199.99999999999292,cellular_5g,0.0,0.8198755320014431,0.4857432199198169,0.0,0.0,down,up,up,down,down
